Time;Temp;Acclimation;Distance_travelled;Distance_travelled_acc;;;
1;11.02;18;102,452487;102.452487;;;
2;11.39;18;116,9287939;219.3812809;;;
3;10.74;18;92,54335789;311.92463879;;;
4;11.28;18;112,4535654;424.37820419;;;
5;10.7;18;91,19733761;515.5755418;;;
6;11.97;18;143,1058206;658.6813624;;;
7;11.2;18;109,2912562;767.9726186;;;
8;10.9;18;98,09965593;866.07227453;;;
9;11.45;18;119,4330384;985.50531293;;;
10;14.02;18;277,8630147;1263.36832763;;;
11;16.52;18;561,0472571;1824.41558473;;;
12;18.13;18;829,1177661;2653.53335083;;; 
13;19.59;18;1132,924595;3786.45794583;;;
14;19.45;18;1101,415818;4887.87376383;;;
15;20.03;18;1234,986317;6122.86008083;;;
16;18.42;18;884,9676282;7007.82770903;;;
17;16.86;18;611,7518257;7619.57953473;;;
18;14.72;18;342,2964714;7961.87600613;;;
19;12.1;18;149,6052519;8111.48125803;;;
20;11.28;18;112,4535654;8223.93482343;;;
21;10.74;18;92,54335789;8316.47818132;;;
22;10.8;18;94,59441422;8411.07259554;;;
23;9.26;18;52,75251322;8463.82510876;;;
24;9.16;18;50,71158458;8514.53669334;;;
25;9.68;18;62,13352724;8576.67022058;;;
26;9.3;18;53,58889096;8630.25911154;;;
27;8.85;18;44,81967923;8675.07879077;;;
28;8.2;18;34,39245947;8709.47125024;;;
29;9.32;18;54,01143251;8763.48268275;;;
30;9.75;18;63,83129452;8827.31397727;;;
31;9.77;18;64,32375255;8891.63772982;;;
32;10.76;18;93,22275213;8984.86048195;;;
33;12.33;18;161,7103215;9146.57080345;;;
34;13.91;18;268,6802104;9415.25101385;;;
35;14.6;18;330,490449;9745.74146285;;;
36;14.9;18;360,6185533;10106.36001615;;;
37;14.83;18;353,4050436;10459.76505975;;;
38;15.17;18;389,5133894;10849.27844915;;;
39;14.95;18;365,8404755;11215.11892465;;;
40;12.92;18;196,5400779;11411.65900255;;;
41;11.95;18;142,1272901;11553.78629265;;;
42;11.64;18;127,665681;11681.45197365;;;
43;11.84;18;136,8454279;11818.29740155;;;
44;11.84;18;136,8454279;11955.14282945;;;
45;11.9;18;139,7055579;12094.84838735;;;
46;11.54;18;123,2747394;12218.12312675;;;
47;11.28;18;112,4535654;12330.57669215;;;
48;11.2;18;109,2912562;12439.86794835;;;
49;10.63;18;88,88232976;12528.75027811;;;
50;10.16;18;74,61164304;12603.36192115;;;
51;9.82;18;65,56943462;12668.93135577;;;
52;9.7;18;62,61452879;12731.54588456;;;
53;8.95;18;46,65056125;12778.19644581;;;
54;8.71;18;42,36319547;12820.55964128;;;
55;7.9;18;30,35461074;12850.91425202;;;
56;7.43;18;24,87591478;12875.7901668;;;
57;7.71;18;28,02172951;12903.81189631;;;
58;9.65;18;61,41808145;12965.22997776;;;
59;13.11;18;208,9916683;13174.22164606;;;
60;14.9;18;360,6185533;13534.84019936;;;
61;15.68;18;448,883674;13983.72387336;;;
62;16.55;18;565,3960646;14549.11993796;;;
63;17.15;18;657,4794801;15206.59941806;;;
64;18.01;18;806,6797587;16013.2791767599;;;
65;17.25;18;673,7814995;16687.06067626;;;
66;14.84;18;354,4286341;17041.48931036;;;
67;11.62;18;126,777055;17168.26636536;;;
68;9.84;18;66,07356985;17234.33993521;;;
69;9.23;18;52,13278229;17286.4727175;;;
70;8.95;18;46,65056125;17333.12327875;;;
71;9.25;18;52,54522039;17385.66849914;;;
72;8.44;18;37,96006974;17423.62856888;;;
73;8.03;18;32,0492542;17455.67782308;;;
74;8.23;18;34,82144805;17490.49927113;;;
75;8.25;18;35,11008027;17525.6093514;;;
76;8.73;18;42,70666123;17568.31601263;;;
77;8.96;18;46,83723104;17615.15324367;;;
78;8.62;18;40,84767675;17656.00092042;;;
79;8.87;18;45,18069186;17701.18161228;;;
80;9.52;18;58,40042589;17759.58203817;;;
81;10.59;18;87,58234036;17847.16437853;;;
82;12.19;18;154,2483796;18001.41275813;;;
83;13.65;18;247,9402354;18249.35299353;;;
84;14.75;18;345,2987434;18594.65173693;;;
85;16.99;18;631,9664292;19226.61816613;;;
86;16.67;18;583,0327168;19809.65088293;;;
87;17.03;18;638,2790338;20447.92991673;;;
88;16.87;18;613,2904627;21061.22037943;;;
89;16.03;18;493,3918647;21554.61224413;;;
90;14.09;18;283,835862;21838.44810613;;;
91;12.66;18;180,4964865;22018.94459263;;;
92;12.43;18;167,2226975;22186.16729013;;;
93;12.28;18;159,0114858;22345.17877593;;;
94;12.55;18;174,0431107;22519.22188663;;;
95;12.68;18;181,6908564;22700.91274303;;;
96;13.4;18;229,23539;22930.14813303;;;
97;14.18;18;291,664943;23221.8130760299;;;
98;14.55;18;325,666346;23547.47942203;;;
99;14.79;18;349,3336147;23896.81303673;;;
100;14.99;18;370,0599285;24266.87296523;;;
101;14.89;18;359,5811271;24626.45409233;;;
102;15.24;18;397,2867897;25023.74088203;;;
103;14.38;18;309,6765121;25333.41739413;;;
104;14.01;18;277,0179981;25610.43539223;;;
105;14.09;18;283,835862;25894.27125423;;;
106;15.13;18;385,1240574;26279.39531163;;;
107;16.73;18;591,9964118;26871.39172343;;;
108;17.03;18;638,2790338;27509.67075723;;;
109;17.3;18;682,0355607;28191.70631793;;;
110;17.03;18;638,2790338;28829.98535173;;;
111;16.57;18;568,3086584;29398.29401013;;;
112;17.06;18;643,042187;30041.33619713;;;
113;16.3;18;529,8886463;30571.22484343;;;
114;15.09;18;380,772777;30951.99762043;;;
115;13.51;18;237,3192948;31189.31691523;;;
116;11.83;18;136,373571;31325.69048623;;;
117;11.67;18;129,0085004;31454.69898663;;;
118;10.98;18;100,9835218;31555.68250843;;;
119;10.98;18;100,9835218;31656.66603023;;;
120;10.53;18;85,66310632;31742.32913655;;;
121;9.62;18;60,70985042;31803.03898697;;;
122;9.51;18;58,17377216;31861.21275913;;;
123;8.98;18;47,2125492;31908.42530833;;;
124;8.15;18;33,68792882;31942.11323715;;;
125;7.47;18;25,3049851;31967.41822225;;;
126;6.4;18;15,85078911;31983.26901136;;;
127;6.55;18;16,94696127;32000.21597263;;;
128;6.84;18;19,26276918;32019.47874181;;;
129;8.45;18;38,11560559;32057.5943474;;;
130;11.04;18;103,1938038;32160.7881512;;;
131;14.41;18;312,4523603;32473.2405115;;;
132;17.68;18;747,0175216;33220.2580331;;;
133;17.86;18;779,1886516;33999.4466847;;;
134;18.27;18;855,7937034;34855.2403881;;;
135;18.73;18;947,1844874;35802.4248755;;;
136;18.22;18;846,2051238;36648.6299992999;;;
137;16.68;18;584,5199217;37233.149921;;;
138;14.4;18;311,5249074;37544.6748284;;;
139;13.2;18;215,1113668;37759.7861952;;;
140;12.99;18;201,0545787;37960.8407739;;;
141;13.1;18;208,3205896;38169.1613635;;;
142;13.7;18;251,8251334;38420.9864969;;;
143;12.65;18;179,9017437;38600.8882406;;;
144;12.6;18;176,9523246;38777.8405652;;;
145;11.53;18;122,8427731;38900.6833383;;;
146;10.84;18;95,98338232;38996.66672062;;;
147;10.44;18;82,85234843;39079.51906905;;;
148;10.32;18;79,2289085;39158.74797755;;;
149;10.36;18;80,42117313;39239.16915068;;;
150;9.59;18;60,00877468;39299.17792536;;;
151;9.69;18;62,37362276;39361.55154812;;;
152;9.53;18;58,62785289;39420.17940101;;;
153;9.05;18;48,54714132;39468.72654233;;;
154;11.06;18;103,9397058;39572.66624813;;;
155;13.12;18;209,6645161;39782.33076423;;;
156;14.39;18;310,5996256;40092.93038983;;;
157;13.38;18;227,7899067;40320.72029653;;;
158;13.94;18;271,1601793;40591.88047583;;;
159;14.59;18;329,5211796;40921.40165543;;;
160;14.55;18;325,666346;41247.06800143;;;
161;13.72;18;253,3927613;41500.46076273;;;
162;11.25;18;111,2586794;41611.71944213;;;
163;9;18;47,59051833;41659.30996046;;;
164;7.8;18;29,10599598;41688.41595644;;;
165;7.2;18;22,53310812;41710.94906456;;;
166;7.36;18;24,14073281;41735.08979737;;;
167;7.13;18;21,86057251;41756.95036988;;;
168;7.19;18;22,43590552;41779.3862754;;;
169;6.86;18;19,43255215;41798.81882755;;;
170;5.81;18;12,13521554;41810.95404309;;;
171;6.1;18;13,84904869;41824.80309178;;;
172;5.93;18;12,81949109;41837.62258287;;;
173;5.8;18;12,07972182;41849.70230469;;;
174;5.84;18;12,30309275;41862.00539744;;;
175;6.13;18;14,03834721;41876.04374465;;;
176;6.39;18;15,78004791;41891.82379256;;;
177;6.81;18;19,010605;41910.83439756;;;
178;10.43;18;82,54501816;41993.37941572;;;
179;14.3;18;302,3693012;42295.74871692;;;
180;17.12;18;652,6423894;42948.39110632;;;
181;19.17;18;1039,857041;43988.24814732;;;
182;20.63;18;1381,044588;45369.29273532;;;
183;20.91;18;1451,644186;46820.93692132;;;
184;21.14;18;1510,668183;48331.60510432;;;
185;21.77;18;1676,39716;50008.00226432;;;
186;17.12;18;652,6423894;50660.64465372;;;
187;14.45;18;316,1839441;50976.82859782;;;
188;13.38;18;227,7899067;51204.61850452;;;
189;13.22;18;216,4909926;51421.10949712;;;
190;13.83;18;262,1556785;51683.26517562;;;
191;14.49;18;319,9505057;52003.21568132;;;
192;19.43;18;1096,953804;53100.16948532;;;
193;21.65;18;1644,427769;54744.59725432;;;
194;21.44;18;1588,90985;56333.50710432;;;
195;20.21;18;1278,007136;57611.51424032;;;
196;19.01;18;1005,574757;58617.08899732;;;
197;18.25;18;851,9500889;59469.03908622;;;
198;17.32;18;685,356443;60154.39552922;;;
199;15.97;18;485,5390971;60639.93462632;;;
200;15.14;18;386,2178164;61026.15244272;;;
201;14.3;18;302,3693012;61328.52174392;;;
202;14.75;18;345,2987434;61673.82048732;;;
203;14.93;18;363,7447373;62037.56522462;;;
204;15.28;18;401,7816309;62439.34685552;;;
205;13.11;18;208,9916683;62648.33852382;;;
206;12.24;18;156,8795946;62805.21811842;;;
207;10;18;70,22977926;62875.44789768;;;
208;9.59;18;60,00877468;62935.45667236;;;
209;9.46;18;57,05202735;62992.50869971;;;
210;9.39;18;55,51346264;63048.02216235;;;
211;9.37;18;55,08061468;63103.10277703;;;
212;8.97;18;47,02455972;63150.12733675;;;
213;8.51;18;39,06075914;63189.18809589;;;
214;8.39;18;37,19081424;63226.37891013;;;
215;8;18;31,65086112;63258.02977125;;;
216;8;18;31,65086112;63289.68063237;;;
217;8;18;31,65086112;63321.33149349;;;
218;8;18;31,65086112;63352.98235461;;;
219;8;18;31,65086112;63384.63321573;;;
220;8;18;31,65086112;63416.28407685;;;
221;8;18;31,65086112;63447.93493797;;;
222;8;18;31,65086112;63479.58579909;;;
223;8;18;31,65086112;63511.23666021;;;
224;8;18;31,65086112;63542.88752133;;;
225;8;18;31,65086112;63574.53838245;;;
226;8;18;31,65086112;63606.18924357;;;
227;8;18;31,65086112;63637.84010469;;;
228;8;18;31,65086112;63669.49096581;;;
229;8;18;31,65086112;63701.14182693;;;
230;8;18;31,65086112;63732.79268805;;;
231;8;18;31,65086112;63764.4435491699;;;
232;8;18;31,65086112;63796.0944102899;;;
233;8;18;31,65086112;63827.7452714099;;;
234;8;18;31,65086112;63859.3961325299;;;
235;8;18;31,65086112;63891.0469936499;;;
236;8;18;31,65086112;63922.6978547699;;;
237;8;18;31,65086112;63954.3487158899;;;
238;8;18;31,65086112;63985.9995770099;;;
239;8;18;31,65086112;64017.6504381299;;;
240;8;18;31,65086112;64049.3012992499;;;
241;8;18;31,65086112;64080.9521603699;;;
242;8;18;31,65086112;64112.6030214899;;;
243;8;18;31,65086112;64144.2538826099;;;
244;8;18;31,65086112;64175.9047437299;;;
245;8;18;31,65086112;64207.5556048499;;;
246;8;18;31,65086112;64239.2064659699;;;
247;8;18;31,65086112;64270.8573270899;;;
248;8;18;31,65086112;64302.5081882099;;;
249;8;18;31,65086112;64334.1590493299;;;
250;8;18;31,65086112;64365.8099104498;;;
251;8;18;31,65086112;64397.4607715699;;;
252;8;18;31,65086112;64429.1116326899;;;
253;8;18;31,65086112;64460.7624938099;;;
254;8;18;31,65086112;64492.4133549299;;;
255;8;18;31,65086112;64524.0642160499;;;
256;8;18;31,65086112;64555.7150771699;;;
257;8;18;31,65086112;64587.3659382899;;;
258;8;18;31,65086112;64619.0167994099;;;
259;8;18;31,65086112;64650.6676605299;;;
260;8;18;31,65086112;64682.3185216499;;;
261;8;18;31,65086112;64713.9693827699;;;
262;8;18;31,65086112;64745.6202438899;;;
263;8;18;31,65086112;64777.2711050099;;;
264;8;18;31,65086112;64808.9219661298;;;
265;8;18;31,65086112;64840.5728272498;;;
266;8;18;31,65086112;64872.2236883698;;;
267;8;18;31,65086112;64903.8745494898;;;
268;8;18;31,65086112;64935.5254106098;;;
269;8;18;31,65086112;64967.1762717298;;;
270;8;18;31,65086112;64998.8271328498;;;
271;8;18;31,65086112;65030.4779939698;;;
272;8;18;31,65086112;65062.1288550898;;;
273;8;18;31,65086112;65093.7797162098;;;
274;8;18;31,65086112;65125.4305773298;;;
275;8;18;31,65086112;65157.0814384498;;;
276;8;18;31,65086112;65188.7322995698;;;
277;8;18;31,65086112;65220.3831606898;;;
278;8;18;31,65086112;65252.0340218098;;;
279;8;18;31,65086112;65283.6848829298;;;
280;8;18;31,65086112;65315.3357440498;;;
281;8;18;31,65086112;65346.9866051698;;;
282;8;18;31,65086112;65378.6374662898;;;
283;8;18;31,65086112;65410.2883274098;;;
284;8;18;31,65086112;65441.9391885298;;;
285;8;18;31,65086112;65473.5900496498;;;
286;8;18;31,65086112;65505.2409107698;;;
287;8;18;31,65086112;65536.8917718898;;;
288;8;18;31,65086112;65568.5426330098;;;
289;8;18;31,65086112;65600.1934941298;;;
290;8;18;31,65086112;65631.8443552498;;;
291;8;18;31,65086112;65663.4952163698;;;
292;8;18;31,65086112;65695.1460774898;;;
293;8;18;31,65086112;65726.7969386098;;;
294;8;18;31,65086112;65758.4477997298;;;
295;8;18;31,65086112;65790.0986608498;;;
296;8;18;31,65086112;65821.7495219698;;;
297;8;18;31,65086112;65853.4003830898;;;
298;8;18;31,65086112;65885.0512442098;;;
299;8;18;31,65086112;65916.7021053298;;;
300;8;18;31,65086112;65948.3529664497;;;
301;8;18;31,65086112;65980.0038275697;;;
302;8;18;31,65086112;66011.6546886897;;;
303;8;18;31,65086112;66043.3055498097;;;
304;8;18;31,65086112;66074.9564109297;;;
305;8;18;31,65086112;66106.6072720497;;;
306;8;18;31,65086112;66138.2581331697;;;
307;8;18;31,65086112;66169.9089942897;;;
308;8;18;31,65086112;66201.5598554097;;;
309;8;18;31,65086112;66233.2107165297;;;
310;8;18;31,65086112;66264.8615776497;;;
311;8;18;31,65086112;66296.5124387697;;;
312;8;18;31,65086112;66328.1632998897;;;
313;8;18;31,65086112;66359.8141610097;;;
314;8;18;31,65086112;66391.4650221297;;;
315;8;18;31,65086112;66423.1158832497;;;
316;8;18;31,65086112;66454.7667443697;;;
317;8;18;31,65086112;66486.4176054897;;;
318;8;18;31,65086112;66518.0684666097;;;
319;8;18;31,65086112;66549.7193277297;;;
320;8;18;31,65086112;66581.3701888497;;;
321;8;18;31,65086112;66613.0210499697;;;
322;8;18;31,65086112;66644.6719110897;;;
323;8;18;31,65086112;66676.3227722097;;;
324;8;18;31,65086112;66707.9736333297;;;
325;8;18;31,65086112;66739.6244944497;;;
326;8;18;31,65086112;66771.2753555697;;;
327;8;18;31,65086112;66802.9262166897;;;
328;8;18;31,65086112;66834.5770778097;;;
329;8;18;31,65086112;66866.2279389297;;;
330;8;18;31,65086112;66897.8788000497;;;
331;8;18;31,65086112;66929.5296611697;;;
332;8;18;31,65086112;66961.1805222897;;;
333;8;18;31,65086112;66992.8313834096;;;
334;8;18;31,65086112;67024.4822445296;;;
335;8;18;31,65086112;67056.1331056496;;;
336;8;18;31,65086112;67087.7839667696;;;
337;8;18;31,65086112;67119.4348278896;;;
338;8;18;31,65086112;67151.0856890096;;;
339;8;18;31,65086112;67182.7365501296;;;
340;8;18;31,65086112;67214.3874112496;;;
341;8;18;31,65086112;67246.0382723696;;;
342;8;18;31,65086112;67277.6891334896;;;
343;8;18;31,65086112;67309.3399946096;;;
344;8;18;31,65086112;67340.9908557296;;;
345;8;18;31,65086112;67372.6417168496;;;
346;8;18;31,65086112;67404.2925779696;;;
347;8;18;31,65086112;67435.9434390896;;;
348;8;18;31,65086112;67467.5943002096;;;
349;8;18;31,65086112;67499.2451613296;;;
350;8;18;31,65086112;67530.8960224496;;;
351;8;18;31,65086112;67562.5468835696;;;
352;8;18;31,65086112;67594.1977446896;;;
353;8;18;31,65086112;67625.8486058096;;;
354;8;18;31,65086112;67657.4994669296;;;
355;8;18;31,65086112;67689.1503280496;;;
356;8;18;31,65086112;67720.8011891696;;;
357;8;18;31,65086112;67752.4520502896;;;
358;8;18;31,65086112;67784.1029114096;;;
359;8;18;31,65086112;67815.7537725296;;;
360;8;18;31,65086112;67847.4046336496;;;
361;8;18;31,65086112;67879.0554947696;;;
362;8;18;31,65086112;67910.7063558896;;;
363;8;18;31,65086112;67942.3572170096;;;
364;8;18;31,65086112;67974.0080781296;;;
365;8;18;31,65086112;68005.6589392496;;;
366;7.26;18;23,12432202;68028.7832612695;;;
367;6.68;18;17,95199093;68046.7352521995;;;
368;7.11;18;21,67176757;68068.4070197696;;;
369;7.84;18;29,59982252;68098.0068422896;;;
370;9.95;18;68,90717467;68166.9140169596;;;
371;13.29;18;221,3766754;68388.2906923596;;;
372;15.06;18;377,5341855;68765.8248778596;;;
373;16.42;18;546,7248069;69312.5496847596;;;
374;18.6;18;920,7797533;70233.3294380596;;;
375;20.39;18;1321,724282;71555.0537200596;;;
376;21.1;18;1500,340206;73055.3939260596;;;
377;20.87;18;1441,471337;74496.8652630595;;;
378;18.1;18;823,4712417;75320.3365047595;;;
379;13.71;18;252,6079679;75572.9444726595;;;
380;12.76;18;186,5339186;75759.4783912595;;;
381;11.51;18;121,9826909;75881.4610821595;;;
382;10.78;18;93,90643053;75975.3675126895;;;
383;10.51;18;85,03147952;76060.3989922095;;;
384;10.05;18;71,57441851;76131.9734107195;;;
385;9.92;18;68,12406685;76200.0974775695;;;
386;10.19;18;75,45915118;76275.5566287495;;;
387;9.95;18;68,90717467;76344.4638034195;;;
388;9.74;18;63,58630251;76408.0501059295;;;
389;10.13;18;73,77241002;76481.8225159495;;;
390;11.17;18;108,1251113;76589.9476272495;;;
391;11.5;18;121,5545692;76711.5021964495;;;
392;11.94;18;141,6401389;76853.1423353495;;;
393;11.67;18;129,0085004;76982.1508357495;;;
394;13.74;18;254,9682376;77237.1190733495;;;
395;18.18;18;838,5833987;78075.7024720495;;;
396;22.37;18;1838,359896;79914.0623680495;;;
397;24.59;18;2438,752759;82352.8151270495;;;
398;24.71;18;2469,790981;84822.6061080495;;;
399;24.92;18;2523,423263;87346.0293710495;;;
400;24.04;18;2293,482633;89639.5120040495;;;
401;23.15;18;2051,740852;91691.2528560495;;;
402;21.83;18;1692,442996;93383.6958520495;;;
403;18.92;18;986,5821719;94370.2780239495;;;
404;17.67;18;745,2564395;95115.5344634495;;;
405;18.62;18;924,8126406;96040.3471040495;;;
406;19.15;18;1035,535794;97075.8828980495;;;
407;19.38;18;1085,842101;98161.7249990495;;;
408;19.61;18;1137,464751;99299.1897500495;;;
409;19.54;18;1121,616567;100420.80631705;;;
410;19.47;18;1105,887698;101526.69401505;;;
411;19.63;18;1142,014546;102668.70856105;;;
412;19.81;18;1183,391428;103852.09998905;;;
413;19.36;18;1081,414822;104933.51481105;;;
414;19.01;18;1005,574757;105939.08956805;;;
415;18.62;18;924,8126406;106863.90220865;;;
416;18.36;18;873,2247317;107737.12694035;;;
417;17.03;18;638,2790338;108375.40597415;;;
418;16.49;18;556,7225147;108932.12848885;;;
419;20.08;18;1246,86505;110178.99353885;;;
420;20.91;18;1451,644186;111630.63772485;;;
421;18.59;18;918,7673282;112549.40505305;;;
422;18.07;18;817,8493856;113367.25443865;;;
423;17.79;18;766,5714976;114133.82593625;;;
424;16.96;18;627,2606448;114761.08658105;;;
425;16.45;18;550,993556;115312.08013705;;;
426;14.54;18;324,708184;115636.78832105;;;
427;12.35;18;162,8005038;115799.58882485;;;
428;11.38;18;116,515791;115916.10461585;;;
429;10.69;18;90,86347727;116006.96809312;;;
430;10.83;18;95,63450856;116102.60260168;;;
431;10.52;18;85,34678853;116187.94939021;;;
432;9.51;18;58,17377216;116246.12316237;;;
433;9.84;18;66,07356985;116312.19673222;;;
434;9.88;18;67,09199042;116379.28872264;;;
435;9.31;18;53,79979729;116433.08851993;;;
436;8.61;18;40,6822876;116473.77080753;;;
437;8.42;18;37,65068794;116511.42149547;;;
438;8.33;18;36,28601423;116547.7075097;;;
439;8.14;18;33,54857562;116581.25608532;;;
440;7.89;18;30,22763072;116611.48371604;;;
441;8.43;18;37,80509776;116649.2888138;;;
442;10.83;18;95,63450856;116744.92332236;;;
443;14.54;18;324,708184;117069.63150636;;;
444;15.86;18;471,3829755;117541.01448186;;;
445;17.3;18;682,0355607;118223.05004256;;;
446;18.12;18;827,2328517;119050.28289426;;;
447;18.51;18;902,7645895;119953.04748376;;;
448;18.59;18;918,7673282;120871.81481196;;;
449;18.16;18;834,7889371;121706.60374906;;;
450;16.22;18;518,8758185;122225.47956756;;;
451;12.8;18;188,9951515;122414.47471906;;;
452;12.51;18;171,7444247;122586.21914376;;;
453;10.97;18;100,6191122;122686.83825596;;;
454;10.33;18;79,52553066;122766.36378662;;;
455;10.41;18;81,93331305;122848.29709967;;;
456;9.79;18;64,81952427;122913.11662394;;;
457;9;18;47,59051833;122960.70714227;;;
458;8.91;18;45,91043231;123006.61757458;;;
459;8.45;18;38,11560559;123044.73318017;;;
460;7.88;18;30,10112551;123074.83430568;;;
461;6.38;18;15,70959299;123090.54389867;;;
462;5.5;18;10,51869496;123101.06259363;;;
463;6.51;18;16,64813078;123117.71072441;;;
464;6.44;18;16,13663724;123133.84736165;;;
465;6.25;18;14,81927383;123148.66663548;;;
466;7.74;18;28,37906613;123177.04570161;;;
467;9.45;18;56,82996816;123233.87566977;;;
468;11.33;18;114,4693393;123348.34500907;;;
469;14.2;18;293,4278129;123641.77282197;;;
470;15;18;371,1206361;124012.89345807;;;
471;15.26;18;399,5293858;124412.42284387;;;
472;15.28;18;401,7816309;124814.20447477;;;
473;15.32;18;406,3151498;125220.51962457;;;
474;13.17;18;213,0554026;125433.57502717;;;
475;10.32;18;79,2289085;125512.80393567;;;
476;9.29;18;53,37871145;125566.18264712;;;
477;8.79;18;43,75189048;125609.9345376;;;
478;8.11;18;33,13359282;125643.06813042;;;
479;8.32;18;36,13713207;125679.20526249;;;
480;8.54;18;39,54108901;125718.7463515;;;
481;8.16;18;33,82779751;125752.57414901;;;
482;8.28;18;35,5470213;125788.12117031;;;
483;7.71;18;28,02172951;125816.14289982;;;
484;7.68;18;27,66842592;125843.81132574;;;
485;7.44;18;24,98256562;125868.79389136;;;
486;7.36;18;24,14073281;125892.93462417;;;
487;8.02;18;31,9159622;125924.85058637;;;
488;11.05;18;103,5661803;126028.41676667;;;
489;12.78;18;187,7612056;126216.17797227;;;
490;15.37;18;412,0366874;126628.21465967;;;
491;18.92;18;986,5821719;127614.79683157;;;
492;20.52;18;1353,713918;128968.51074957;;;
493;21.01;18;1477,197828;130445.70857757;;;
494;20.1;18;1251,632064;131697.34064157;;;
495;20.64;18;1383,540842;133080.88148357;;;
496;20.62;18;1378,550255;134459.43173857;;;
497;18.49;18;898,7908136;135358.22255217;;;
498;15.8;18;463,7918879;135822.01444007;;;
499;13.35;18;225,6355844;136047.65002447;;;
500;11.67;18;129,0085004;136176.65852487;;;
501;10.95;18;99,89367195;136276.55219682;;;
502;10.16;18;74,61164304;136351.16383986;;;
503;10.15;18;74,33098246;136425.49482232;;;
504;10.07;18;72,11850985;136497.61333217;;;
505;9.55;18;59,08503533;136556.6983675;;;
506;8.96;18;46,83723104;136603.53559854;;;
507;8.87;18;45,18069186;136648.7162904;;;
508;8.22;18;34,67792553;136683.39421593;;;
509;8.16;18;33,82779751;136717.22201344;;;
510;8.19;18;34,25051265;136751.47252609;;;
511;8.38;18;37,03863589;136788.51116198;;;
512;7.81;18;29,22875693;136817.73991891;;;
513;8.4;18;37,34354789;136855.0834668;;;
514;10.74;18;92,54335789;136947.62682469;;;
515;13.85;18;263,7747695;137211.40159419;;;
516;16.63;18;577,1108315;137788.51242569;;;
517;19.6;18;1135,193466;138923.70589169;;;
518;21.2;18;1526,207848;140449.91373969;;;
519;20.67;18;1391,041077;141840.95481669;;;
520;19.31;18;1070,390354;142911.34517069;;;
521;18.23;18;848,1173832;143759.46255389;;;
522;16.26;18;524,3611775;144283.82373139;;;
523;13.06;18;205,6539026;144489.47763399;;;
524;11.66;18;128,5595727;144618.03720669;;;
525;10.42;18;82,23867388;144700.27588057;;;
526;9.56;18;59,3147951;144759.59067567;;;
527;9.22;18;51,92763295;144811.51830862;;;
528;8.63;18;41,01366145;144852.53197007;;;
529;7.86;18;29,84953346;144882.38150353;;;
530;7.96;18;31,12654707;144913.5080506;;;
531;8.1;18;32,99628548;144946.50433608;;;
532;8.08;18;32,7231916;144979.22752768;;;
533;8.38;18;37,03863589;145016.26616357;;;
534;7.85;18;29,7244436;145045.99060717;;;
535;7.67;18;27,55154753;145073.5421547;;;
536;8.14;18;33,54857562;145107.09073032;;;
537;8.56;18;39,86421259;145146.95494291;;;
538;11.86;18;137,7932709;145284.74821381;;;
539;15.39;18;414,3423661;145699.09057991;;;
540;18.81;18;963,6569214;146662.74750131;;;
541;21.78;18;1679,068725;148341.81622631;;;
542;23.51;18;2150,131785;150491.94801131;;;
543;24.95;18;2531,008846;153022.95685731;;;
544;24.84;18;2503,099716;155526.05657331;;;
545;23.77;18;2220,758509;157746.81508231;;;
546;20.61;18;1376,057851;159122.87293331;;;
547;16.45;18;550,993556;159673.86648931;;;
548;15.59;18;437,9403288;160111.80681811;;;
549;14.51;18;321,8469625;160433.65378061;;;
550;14.14;18;288,1644362;160721.81821681;;;
551;13.92;18;269,504841;160991.32305781;;;
552;14.25;18;297,8719812;161289.19503901;;;
553;14.47;18;318,0628408;161607.25787981;;;
554;14.77;18;347,3116207;161954.56950051;;;
555;15.58;18;436,7369004;162391.30640091;;;
556;16.45;18;550,993556;162942.29995691;;;
557;17.34;18;688,6883354;163630.98829231;;;
558;18.94;18;990,7844946;164621.77278691;;;
559;18.87;18;976,1221848;165597.89497171;;;
560;19.54;18;1121,616567;166719.51153871;;;
561;18.17;18;836,6848004;167556.19633911;;;
562;21.13;18;1508,08378;169064.28011911;;;
563;23.47;18;2139,226901;171203.50702011;;;
564;24.56;18;2430,951899;173634.45891911;;;
565;25.03;18;2551,138489;176185.59740811;;;
566;25.1;18;2568,630628;178754.22803611;;;
567;24.85;18;2505,647606;181259.87564211;;;
568;24.75;18;2480,075946;183739.95158811;;;
569;23.86;18;2245,080551;185985.03213911;;;
570;21.97;18;1730,029405;187715.06154411;;;
571;17.66;18;743,4981165;188458.55966061;;;
572;15.99;18;488,1463571;188946.70601771;;;
573;15.26;18;399,5293858;189346.23540351;;;
574;16.3;18;529,8886463;189876.12404981;;;
575;15.04;18;375,3869265;190251.51097631;;;
576;15.69;18;450,1121424;190701.62311871;;;
577;15.61;18;440,3546686;191141.97778731;;;
578;14.23;18;296,0879569;191438.06574421;;;
579;14.49;18;319,9505057;191758.01624991;;;
580;13.92;18;269,504841;192027.52109091;;;
581;12.96;18;199,1094695;192226.63056041;;;
582;14.67;18;337,3379447;192563.96850511;;;
583;14.34;18;306,0056807;192869.97418581;;;
584;13.18;18;213,7389316;193083.71311741;;;
585;14.38;18;309,6765121;193393.38962951;;;
586;15.53;18;430,7570793;193824.14670881;;;
587;19.1;18;1024,777488;194848.92419681;;;
588;20.17;18;1268,385761;196117.30995781;;;
589;20.34;18;1309,512476;197426.82243381;;;
590;21.12;18;1505,500978;198932.32341181;;;
591;18.74;18;949,2342659;199881.55767771;;;
592;16.68;18;584,5199217;200466.07759941;;;
593;16.09;18;501,3378334;200967.41543281;;;
594;15.35;18;409,7407694;201377.15620221;;;
595;12.97;18;199,7561134;201576.91231561;;;
596;12.36;18;163,3478891;201740.26020471;;;
597;12.36;18;163,3478891;201903.60809381;;;
598;12.79;18;188,3773446;202091.98543841;;;
599;13.01;18;202,3599683;202294.34540671;;;
600;13.38;18;227,7899067;202522.13531341;;;
601;12.5;18;171,1737112;202693.30902461;;;
602;11.67;18;129,0085004;202822.31752501;;;
603;11.6;18;125,8936711;202948.21119611;;;
604;11.52;18;122,4120913;203070.62328741;;;
605;11.26;18;111,6557664;203182.27905381;;;
606;10.56;18;86,61813783;203268.89719164;;;
607;10.41;18;81,93331305;203350.83050469;;;
608;10.38;18;81,02310626;203431.85361095;;;
609;10.38;18;81,02310626;203512.87671721;;;
610;10.36;18;80,42117313;203593.29789034;;;
611;10.98;18;100,9835218;203694.28141214;;;
612;11.55;18;123,7079929;203817.98940504;;;
613;12.19;18;154,2483796;203972.23778464;;;
614;13.3;18;222,0819096;204194.31969424;;;
615;13.17;18;213,0554026;204407.37509684;;;
616;13.94;18;271,1601793;204678.53527614;;;
617;12.37;18;163,8968079;204842.43208404;;;
618;10.84;18;95,98338232;204938.41546636;;;
619;9.98;18;69,69810969;205008.11357605;;;
620;9.29;18;53,37871145;205061.4922875;;;
621;8.99;18;47,40120142;205108.89348892;;;
622;8.82;18;44,28293974;205153.17642866;;;
623;8.37;18;36,88701115;205190.06343981;;;
624;8.24;18;34,96549908;205225.02893889;;;
625;8.14;18;33,54857562;205258.57751451;;;
626;7.83;18;29,47566871;205288.05318322;;;
627;7.62;18;26,97376207;205315.02694529;;;
628;7.62;18;26,97376207;205342.00070736;;;
629;7.4;18;24,55841026;205366.55911762;;;
630;7.32;18;23,7294479;205390.28856552;;;
631;6.51;18;16,64813078;205406.9366963;;;
632;4.77;18;7,458861233;205414.395557533;;;
633;5.37;18;9,901325013;205424.296882546;;;
634;7.66;18;27,43511149;205451.731994036;;;
635;11.65;18;128,1119672;205579.843961236;;;
636;13.51;18;237,3192948;205817.163256036;;;
637;14.34;18;306,0056807;206123.168936736;;;
638;15.72;18;453,8126567;206576.981593436;;;
639;16.69;18;586,0098226;207162.991416036;;;
640;17.38;18;695,3851643;207858.376580336;;;
641;16.21;18;517,5110451;208375.887625436;;;
642;14.58;18;328,5541375;208704.441762936;;;
643;11.6;18;125,8936711;208830.335434036;;;
644;10.36;18;80,42117313;208910.756607166;;;
645;9.3;18;53,58889096;208964.345498126;;;
646;8.98;18;47,2125492;209011.558047326;;;
647;8.44;18;37,96006974;209049.518117066;;;
648;8.08;18;32,7231916;209082.241308666;;;
649;8.13;18;33,40973629;209115.651044956;;;
650;7.77;18;28,74047509;209144.391520046;;;
651;7.98;18;31,38772689;209175.779246936;;;
652;7.73;18;28,25950339;209204.038750326;;;
653;7.46;18;25,19709942;209229.235849746;;;
654;7.14;18;21,95552924;209251.191378986;;;
655;6.7;18;18,11130609;209269.302685076;;;
656;7.28;18;23,32447106;209292.627156136;;;
657;9.33;18;54,2237987;209346.850954836;;;
658;10.25;18;77,17925416;209424.030208996;;;
659;12.75;18;185,9227643;209609.952973296;;;
660;12.91;18;195,9020102;209805.854983496;;;
661;12.97;18;199,7561134;210005.611096896;;;
662;12.79;18;188,3773446;210193.988441496;;;
663;11.63;18;127,2207113;210321.209152796;;;
664;11.27;18;112,0540608;210433.263213596;;;
665;11.12;18;106,2051431;210539.468356696;;;
666;10.77;18;93,56405449;210633.032411186;;;
667;10.58;18;87,25991624;210720.292327426;;;
668;10.27;18;77,76012631;210798.052453736;;;
669;10.06;18;71,84601641;210869.898470146;;;
670;10.03;18;71,03389984;210940.932369986;;;
671;9.62;18;60,70985042;211001.642220406;;;
672;9.19;18;51,31643927;211052.958659676;;;
673;8.6;18;40,51749222;211093.476151896;;;
674;8.04;18;32,18304259;211125.659194486;;;
675;7.46;18;25,19709942;211150.856293906;;;
676;6.81;18;19,010605;211169.866898906;;;
677;6.41;18;15,92181762;211185.788716526;;;
678;6.58;18;17,17426125;211202.962977776;;;
679;6.54;18;16,8718019;211219.834779676;;;
680;6.25;18;14,81927383;211234.654053506;;;
681;7.52;18;25,85065588;211260.504709386;;;
682;12.16;18;152,6874495;211413.192158886;;;
683;14.69;18;339,3145836;211752.506742486;;;
684;16.24;18;521,6132413;212274.119983786;;;
685;16.48;18;555,2862747;212829.406258486;;;
686;16.69;18;586,0098226;213415.416081086;;;
687;16.71;18;588,9977175;214004.413798586;;;
688;16.25;18;522,9858943;214527.399692886;;;
689;15.06;18;377,5341855;214904.933878386;;;
690;13.32;18;223,4978692;215128.431747586;;;
691;12.72;18;184,0992207;215312.530968286;;;
692;12.36;18;163,3478891;215475.878857386;;;
693;11.67;18;129,0085004;215604.887357786;;;
694;11.56;18;124,1425365;215729.029894286;;;
695;11.53;18;122,8427731;215851.872667386;;;
696;11.54;18;123,2747394;215975.147406786;;;
697;11.9;18;139,7055579;216114.852964686;;;
698;11.19;18;108,9013544;216223.754319086;;;
699;11.64;18;127,665681;216351.420000086;;;
700;11.65;18;128,1119672;216479.531967286;;;
701;11.81;18;135,4339717;216614.965938986;;;
702;11.48;18;120,7021499;216735.668088886;;;
703;11.6;18;125,8936711;216861.561759986;;;
704;11.6;18;125,8936711;216987.455431086;;;
705;12.04;18;146,5753891;217134.030820186;;;
706;13.21;18;215,8002793;217349.831099486;;;
707;14.8;18;350,3480376;217700.179137086;;;
708;16.29;18;528,5028252;218228.681962286;;;
709;17.45;18;707,2106938;218935.892656086;;;
710;17.23;18;670,499122;219606.391778086;;;
711;17.64;18;739,9897484;220346.381526486;;;
712;18.21;18;844,2955947;221190.677121186;;;
713;18.42;18;884,9676282;222075.644749386;;;
714;15.81;18;465,0507038;222540.695453186;;;
715;12.35;18;162,8005038;222703.495956986;;;
716;10.85;18;96,33334834;222799.829305326;;;
717;10.39;18;81,32553175;222881.154837076;;;
718;10.2;18;75,74350408;222956.898341156;;;
719;9.77;18;64,32375255;223021.222093706;;;
720;9.52;18;58,40042589;223079.622519596;;;
721;9.18;18;51,1141194;223130.736638996;;;
722;9.35;18;54,65073227;223185.387371266;;;
723;9.05;18;48,54714132;223233.934512586;;;
724;8.11;18;33,13359282;223267.068105406;;;
725;7.99;18;31,51904893;223298.587154336;;;
726;8.33;18;36,28601423;223334.873168566;;;
727;8.42;18;37,65068794;223372.523856506;;;
728;7.78;18;28,86185654;223401.385713046;;;
729;8.4;18;37,34354789;223438.729260936;;;
730;11.66;18;128,5595727;223567.288833636;;;
731;15.67;18;447,6577199;224014.946553536;;;
732;17.38;18;695,3851643;224710.331717836;;;
733;18.9;18;982,3903132;225692.722031036;;;
734;18.95;18;992,8895741;226685.611605136;;;
735;20.21;18;1278,007136;227963.618741136;;;
736;20.58;18;1368,592263;229332.211004136;;;
737;19.68;18;1153,431007;230485.642011136;;;
738;16.66;18;581,5482067;231067.190217836;;;
739;12.77;18;187,1467313;231254.336949136;;;
740;11.11;18;105,8246655;231360.161614636;;;
741;10.01;18;70,49693494;231430.658549576;;;
742;9.5;18;57,94788955;231488.606439126;;;
743;9.33;18;54,2237987;231542.830237826;;;
744;8.81;18;44,10529357;231586.935531396;;;
1;11.02;25;9,420761067;9.420761067;;;
2;11.39;25;11,91166005;21.332421117;;;
3;10.74;25;7,863918528;29.196339645;;;
4;11.28;25;11,1145771;40.310916745;;;
5;10.7;25;7,661922978;47.972839723;;;
6;11.97;25;17,04580531;65.018645033;;;
7;11.2;25;10,56585925;75.584504283;;;
8;10.9;25;8,721830065;84.306334348;;;
9;11.45;25;12,36812579;96.674460138;;;
10;14.02;25;55,19930382;151.873763958;;;
11;16.52;25;190,6691744;342.542938358;;;
12;18.13;25;378,5446211;721.087559458;;;
13;19.59;25;653,2954308;1374.382990258;;;
14;19.45;25;621,9404731;1996.323463358;;;
15;20.03;25;759,205319;2755.528782358;;;
16;18.42;25;424,3226708;3179.851453158;;;
17;16.86;25;222,00663;3401.858083158;;;
18;14.72;25;79,79473066;3481.652813818;;;
19;12.1;25;18,44259406;3500.095407878;;;
20;11.28;25;11,1145771;3511.209984978;;;
21;10.74;25;7,863918528;3519.073903506;;;
22;10.8;25;8,176106474;3527.25000998;;;
23;9.26;25;2,895726589;3530.145736569;;;
24;9.16;25;2,699445801;3532.84518237;;;
25;9.68;25;3,87412211;3536.71930448;;;
26;9.3;25;2,977895009;3539.697199489;;;
27;8.85;25;2,166900762;3541.864100251;;;
28;8.2;25;1,352460842;3543.216561093;;;
29;9.32;25;3,019787863;3546.236348956;;;
30;9.75;25;4,064333488;3550.300682444;;;
31;9.77;25;4,120249185;3554.420931629;;;
32;10.76;25;7,96674207;3562.387673699;;;
33;12.33;25;21,1702633;3583.557936999;;;
34;13.91;25;52,01474479;3635.572681789;;;
35;14.6;25;74,99850154;3710.571183329;;;
36;14.9;25;87,48990252;3798.061085849;;;
37;14.83;25;84,42392961;3882.485015459;;;
38;15.17;25;100,2389226;3982.723938059;;;
39;14.95;25;89,73866586;4072.462603919;;;
40;12.92;25;29,9103467;4102.372950619;;;
41;11.95;25;16,83965324;4119.212603859;;;
42;11.64;25;13,92098322;4133.133587079;;;
43;11.84;25;15,74575431;4148.879341389;;;
44;11.84;25;15,74575431;4164.625095699;;;
45;11.9;25;16,33414298;4180.959238679;;;
46;11.54;25;13,08282758;4194.042066259;;;
47;11.28;25;11,1145771;4205.156643359;;;
48;11.2;25;10,56585925;4215.722502609;;;
49;10.63;25;7,319877044;4223.042379653;;;
50;10.16;25;5,363628421;4228.406008074;;;
51;9.82;25;4,263173479;4232.669181553;;;
52;9.7;25;3,927607912;4236.596789465;;;
53;8.95;25;2,326910903;4238.923700368;;;
54;8.71;25;1,960080482;4240.88378085;;;
55;7.9;25;1,082771477;4241.966552327;;;
56;7.43;25;0,759527682;4242.726080009;;;
57;7.71;25;0,939024774;4243.665104783;;;
58;9.65;25;3,795159198;4247.460263981;;;
59;13.11;25;33,34747214;4280.807736121;;;
60;14.9;25;87,48990252;4368.297638641;;;
61;15.68;25;128,7335628;4497.031201441;;;
62;16.55;25;193,2770216;4690.308223041;;;
63;17.15;25;251,9903719;4942.298594941;;;
64;18.01;25;360,7765386;5303.075133541;;;
65;17.25;25;263,067809;5566.142942541;;;
66;14.84;25;84,8561237;5650.999066241;;;
67;11.62;25;13,74953673;5664.748602971;;;
68;9.84;25;4,321619014;5669.070221985;;;
69;9.23;25;2,835490374;5671.905712359;;;
70;8.95;25;2,326910903;5674.232623262;;;
71;9.25;25;2,875516773;5677.108140035;;;
72;8.44;25;1,612271156;5678.720411191;;;
73;8.03;25;1,192764599;5679.91317579;;;
74;8.23;25;1,382644054;5681.295819844;;;
75;8.25;25;1,403115645;5682.698935489;;;
76;8.73;25;1,988452465;5684.687387954;;;
77;8.96;25;2,343504035;5687.030891989;;;
78;8.62;25;1,837024354;5688.867916343;;;
79;8.87;25;2,198057163;5691.065973506;;;
80;9.52;25;3,469940968;5694.535914474;;;
81;10.59;25;7,130788998;5701.666703472;;;
82;12.19;25;19,46954653;5721.136250002;;;
83;13.65;25;45,12502869;5766.261278692;;;
84;14.75;25;81,03476801;5847.296046702;;;
85;16.99;25;235,0621848;6082.358231502;;;
86;16.67;25;204,0075645;6286.365796002;;;
87;17.03;25;239,2040371;6525.569833102;;;
88;16.87;25;222,9891804;6748.559013502;;;
89;16.03;25;152,06761;6900.626623502;;;
90;14.09;25;57,31433841;6957.940961912;;;
91;12.66;25;25,72239056;6983.663352472;;;
92;12.43;25;22,46611223;7006.129464702;;;
93;12.28;25;20,5480233;7026.677488002;;;
94;12.55;25;24,11542895;7050.792916952;;;
95;12.68;25;26,02471666;7076.817633612;;;
96;13.4;25;39,27719894;7116.094832552;;;
97;14.18;25;60,1384548;7176.233287352;;;
98;14.55;25;73,0756152;7249.308902552;;;
99;14.79;25;82,71424159;7332.023144142;;;
100;14.99;25;91,57361692;7423.596761062;;;
101;14.89;25;87,04606981;7510.642830872;;;
102;15.24;25;103,7952059;7614.438036772;;;
103;14.38;25;66,85655099;7681.294587762;;;
104;14.01;25;54,90284903;7736.197436792;;;
105;14.09;25;57,31433841;7793.511775202;;;
106;15.13;25;98,25438831;7891.766163512;;;
107;16.73;25;209,5557348;8101.321898312;;;
108;17.03;25;239,2040371;8340.525935412;;;
109;17.3;25;268,7535503;8609.279485712;;;
110;17.03;25;239,2040371;8848.483522812;;;
111;16.57;25;195,0320563;9043.515579112;;;
112;17.06;25;242,3495969;9285.865176012;;;
113;16.3;25;172,4287314;9458.293907412;;;
114;15.09;25;96,30390432;9554.597811732;;;
115;13.51;25;41,76150007;9596.359311802;;;
116;11.83;25;15,64958487;9612.008896672;;;
117;11.67;25;14,18180799;9626.190704662;;;
118;10.98;25;9,182272158;9635.37297682;;;
119;10.98;25;9,182272158;9644.555248978;;;
120;10.53;25;6,855576526;9651.410825504;;;
121;9.62;25;3,717691946;9655.12851745;;;
122;9.51;25;3,446028247;9658.574545697;;;
123;8.98;25;2,377021871;9660.951567568;;;
124;8.15;25;1,303523948;9662.255091516;;;
125;7.47;25;0,783026412;9663.038117928;;;
126;6.4;25;0,340142816;9663.378260744;;;
127;6.55;25;0,383216373;9663.761477117;;;
128;6.84;25;0,481520983;9664.2429981;;;
129;8.45;25;1,624049827;9665.867047927;;;
130;11.04;25;9,542123713;9675.40917164;;;
131;14.41;25;67,91907713;9743.32824877;;;
132;17.68;25;315,3008398;10058.62908857;;;
133;17.86;25;339,5007648;10398.12985337;;;
134;18.27;25;400,1353333;10798.26518667;;;
135;18.73;25;477,8826607;11276.14784737;;;
136;18.22;25;392,3165426;11668.46438997;;;
137;16.68;25;204,9236942;11873.38808417;;;
138;14.4;25;67,56326836;11940.95135253;;;
139;13.2;25;35,09573869;11976.04709122;;;
140;12.99;25;31,13782137;12007.18491259;;;
141;13.1;25;33,15811366;12040.34302625;;;
142;13.7;25;46,38335212;12086.72637837;;;
143;12.65;25;25,57241667;12112.29879504;;;
144;12.6;25;24,8342953;12137.13309034;;;
145;11.53;25;13,00159599;12150.13468633;;;
146;10.84;25;8,390516432;12158.525202762;;;
147;10.44;25;6,461061855;12164.986264617;;;
148;10.32;25;5,967572675;12170.953837292;;;
149;10.36;25;6,128065594;12177.081902886;;;
150;9.59;25;3,641694516;12180.723597402;;;
151;9.69;25;3,900779972;12184.624377374;;;
152;9.53;25;3,494007744;12188.118385118;;;
153;9.05;25;2,497887142;12190.61627226;;;
154;11.06;25;9,664918353;12200.281190613;;;
155;13.12;25;33,53779797;12233.818988583;;;
156;14.39;25;67,20909503;12301.028083613;;;
157;13.38;25;38,83993351;12339.868017123;;;
158;13.94;25;52,86673634;12392.734753463;;;
159;14.59;25;74,61042581;12467.345179273;;;
160;14.55;25;73,0756152;12540.420794473;;;
161;13.72;25;46,8953359;12587.316130373;;;
162;11.25;25;10,9058237;12598.221954073;;;
163;9;25;2,410986301;12600.632940374;;;
164;7.8;25;1,004721033;12601.637661407;;;
165;7.2;25;0,636790321;12602.274451728;;;
166;7.36;25;0,719994775;12602.994446503;;;
167;7.13;25;0,603315435;12603.597761938;;;
168;7.19;25;0,63190326;12604.229665198;;;
169;6.86;25;0,489112575;12604.718777773;;;
170;5.81;25;0,211231529;12604.930009302;;;
171;6.1;25;0,267361577;12605.197370879;;;
172;5.93;25;0,232946967;12605.430317846;;;
173;5.8;25;0,20951138;12605.639829226;;;
174;5.84;25;0,216472762;12605.856301988;;;
175;6.13;25;0,273914507;12606.130216495;;;
176;6.39;25;0,337440577;12606.467657072;;;
177;6.81;25;0,47034196;12606.937999032;;;
178;10.43;25;6,418543749;12613.356542781;;;
179;14.3;25;64,09411729;12677.450660071;;;
180;17.12;25;248,7425161;12926.193176171;;;
181;19.17;25;562,5471027;13488.740278871;;;
182;20.63;25;921,9949843;14410.735263171;;;
183;20.91;25;1005,267305;15416.002568171;;;
184;21.14;25;1077,116192;16493.118760171;;;
185;21.77;25;1289,388868;17782.507628171;;;
186;17.12;25;248,7425161;18031.250144271;;;
187;14.45;25;69,35879066;18100.608934931;;;
188;13.38;25;38,83993351;18139.448868441;;;
189;13.22;25;35,49519621;18174.944064651;;;
190;13.83;25;49,80184345;18224.745908101;;;
191;14.49;25;70,82516914;18295.571077241;;;
192;19.43;25;617,5521652;18913.123242441;;;
193;21.65;25;1247,255824;20160.379066441;;;
194;21.44;25;1175,423018;21335.802084441;;;
195;20.21;25;805,801824;22141.603908441;;;
196;19.01;25;530,5551672;22672.159075641;;;
197;18.25;25;396,9933394;23069.152415041;;;
198;17.32;25;271,0556559;23340.208070941;;;
199;15.97;25;147,8302151;23488.038286041;;;
200;15.14;25;98,74731139;23586.785597431;;;
201;14.3;25;64,09411729;23650.879714721;;;
202;14.75;25;81,03476801;23731.914482731;;;
203;14.93;25;88,83321262;23820.747695351;;;
204;15.28;25;105,8758115;23926.623506851;;;
205;13.11;25;33,34747214;23959.970978991;;;
206;12.24;25;20,06219743;23980.033176421;;;
207;10;25;4,816611339;23984.84978776;;;
208;9.59;25;3,641694516;23988.491482276;;;
209;9.46;25;3,328744136;23991.820226412;;;
210;9.39;25;3,170769011;23994.990995423;;;
211;9.37;25;3,126930481;23998.117925904;;;
212;8.97;25;2,360207467;24000.478133371;;;
213;8.51;25;1,696429939;24002.17456331;;;
214;8.39;25;1,554567586;24003.729130896;;;
215;8;25;1,166488457;24004.895619353;;;
216;8;25;1,166488457;24006.06210781;;;
217;8;25;1,166488457;24007.228596267;;;
218;8;25;1,166488457;24008.3950847241;;;
219;8;25;1,166488457;24009.5615731811;;;
220;8;25;1,166488457;24010.7280616381;;;
221;8;25;1,166488457;24011.8945500951;;;
222;8;25;1,166488457;24013.0610385522;;;
223;8;25;1,166488457;24014.2275270092;;;
224;8;25;1,166488457;24015.3940154662;;;
225;8;25;1,166488457;24016.5605039232;;;
226;8;25;1,166488457;24017.7269923803;;;
227;8;25;1,166488457;24018.8934808373;;;
228;8;25;1,166488457;24020.0599692943;;;
229;8;25;1,166488457;24021.2264577513;;;
230;8;25;1,166488457;24022.3929462084;;;
231;8;25;1,166488457;24023.5594346654;;;
232;8;25;1,166488457;24024.7259231224;;;
233;8;25;1,166488457;24025.8924115794;;;
234;8;25;1,166488457;24027.0589000364;;;
235;8;25;1,166488457;24028.2253884935;;;
236;8;25;1,166488457;24029.3918769505;;;
237;8;25;1,166488457;24030.5583654075;;;
238;8;25;1,166488457;24031.7248538645;;;
239;8;25;1,166488457;24032.8913423216;;;
240;8;25;1,166488457;24034.0578307786;;;
241;8;25;1,166488457;24035.2243192356;;;
242;8;25;1,166488457;24036.3908076926;;;
243;8;25;1,166488457;24037.5572961497;;;
244;8;25;1,166488457;24038.7237846067;;;
245;8;25;1,166488457;24039.8902730637;;;
246;8;25;1,166488457;24041.0567615207;;;
247;8;25;1,166488457;24042.2232499778;;;
248;8;25;1,166488457;24043.3897384348;;;
249;8;25;1,166488457;24044.5562268918;;;
250;8;25;1,166488457;24045.7227153488;;;
251;8;25;1,166488457;24046.8892038059;;;
252;8;25;1,166488457;24048.0556922629;;;
253;8;25;1,166488457;24049.2221807199;;;
254;8;25;1,166488457;24050.3886691769;;;
255;8;25;1,166488457;24051.5551576339;;;
256;8;25;1,166488457;24052.7216460909;;;
257;8;25;1,166488457;24053.888134548;;;
258;8;25;1,166488457;24055.054623005;;;
259;8;25;1,166488457;24056.221111462;;;
260;8;25;1,166488457;24057.3875999191;;;
261;8;25;1,166488457;24058.5540883761;;;
262;8;25;1,166488457;24059.7205768331;;;
263;8;25;1,166488457;24060.8870652901;;;
264;8;25;1,166488457;24062.0535537472;;;
265;8;25;1,166488457;24063.2200422042;;;
266;8;25;1,166488457;24064.3865306612;;;
267;8;25;1,166488457;24065.5530191182;;;
268;8;25;1,166488457;24066.7195075753;;;
269;8;25;1,166488457;24067.8859960323;;;
270;8;25;1,166488457;24069.0524844893;;;
271;8;25;1,166488457;24070.2189729463;;;
272;8;25;1,166488457;24071.3854614033;;;
273;8;25;1,166488457;24072.5519498604;;;
274;8;25;1,166488457;24073.7184383174;;;
275;8;25;1,166488457;24074.8849267744;;;
276;8;25;1,166488457;24076.0514152314;;;
277;8;25;1,166488457;24077.2179036885;;;
278;8;25;1,166488457;24078.3843921455;;;
279;8;25;1,166488457;24079.5508806025;;;
280;8;25;1,166488457;24080.7173690595;;;
281;8;25;1,166488457;24081.8838575166;;;
282;8;25;1,166488457;24083.0503459736;;;
283;8;25;1,166488457;24084.2168344306;;;
284;8;25;1,166488457;24085.3833228876;;;
285;8;25;1,166488457;24086.5498113447;;;
286;8;25;1,166488457;24087.7162998017;;;
287;8;25;1,166488457;24088.8827882587;;;
288;8;25;1,166488457;24090.0492767157;;;
289;8;25;1,166488457;24091.2157651728;;;
290;8;25;1,166488457;24092.3822536298;;;
291;8;25;1,166488457;24093.5487420868;;;
292;8;25;1,166488457;24094.7152305438;;;
293;8;25;1,166488457;24095.8817190008;;;
294;8;25;1,166488457;24097.0482074579;;;
295;8;25;1,166488457;24098.2146959149;;;
296;8;25;1,166488457;24099.3811843719;;;
297;8;25;1,166488457;24100.5476728289;;;
298;8;25;1,166488457;24101.714161286;;;
299;8;25;1,166488457;24102.880649743;;;
300;8;25;1,166488457;24104.0471382;;;
301;8;25;1,166488457;24105.213626657;;;
302;8;25;1,166488457;24106.3801151141;;;
303;8;25;1,166488457;24107.5466035711;;;
304;8;25;1,166488457;24108.7130920281;;;
305;8;25;1,166488457;24109.8795804851;;;
306;8;25;1,166488457;24111.0460689422;;;
307;8;25;1,166488457;24112.2125573992;;;
308;8;25;1,166488457;24113.3790458562;;;
309;8;25;1,166488457;24114.5455343132;;;
310;8;25;1,166488457;24115.7120227702;;;
311;8;25;1,166488457;24116.8785112273;;;
312;8;25;1,166488457;24118.0449996843;;;
313;8;25;1,166488457;24119.2114881413;;;
314;8;25;1,166488457;24120.3779765983;;;
315;8;25;1,166488457;24121.5444650554;;;
316;8;25;1,166488457;24122.7109535124;;;
317;8;25;1,166488457;24123.8774419694;;;
318;8;25;1,166488457;24125.0439304264;;;
319;8;25;1,166488457;24126.2104188835;;;
320;8;25;1,166488457;24127.3769073404;;;
321;8;25;1,166488457;24128.5433957975;;;
322;8;25;1,166488457;24129.7098842545;;;
323;8;25;1,166488457;24130.8763727116;;;
324;8;25;1,166488457;24132.0428611686;;;
325;8;25;1,166488457;24133.2093496256;;;
326;8;25;1,166488457;24134.3758380826;;;
327;8;25;1,166488457;24135.5423265396;;;
328;8;25;1,166488457;24136.7088149967;;;
329;8;25;1,166488457;24137.8753034537;;;
330;8;25;1,166488457;24139.0417919107;;;
331;8;25;1,166488457;24140.2082803677;;;
332;8;25;1,166488457;24141.3747688248;;;
333;8;25;1,166488457;24142.5412572818;;;
334;8;25;1,166488457;24143.7077457388;;;
335;8;25;1,166488457;24144.8742341958;;;
336;8;25;1,166488457;24146.0407226529;;;
337;8;25;1,166488457;24147.2072111099;;;
338;8;25;1,166488457;24148.3736995669;;;
339;8;25;1,166488457;24149.5401880239;;;
340;8;25;1,166488457;24150.706676481;;;
341;8;25;1,166488457;24151.873164938;;;
342;8;25;1,166488457;24153.039653395;;;
343;8;25;1,166488457;24154.206141852;;;
344;8;25;1,166488457;24155.3726303091;;;
345;8;25;1,166488457;24156.5391187661;;;
346;8;25;1,166488457;24157.7056072231;;;
347;8;25;1,166488457;24158.8720956801;;;
348;8;25;1,166488457;24160.0385841371;;;
349;8;25;1,166488457;24161.2050725942;;;
350;8;25;1,166488457;24162.3715610512;;;
351;8;25;1,166488457;24163.5380495082;;;
352;8;25;1,166488457;24164.7045379652;;;
353;8;25;1,166488457;24165.8710264223;;;
354;8;25;1,166488457;24167.0375148793;;;
355;8;25;1,166488457;24168.2040033363;;;
356;8;25;1,166488457;24169.3704917933;;;
357;8;25;1,166488457;24170.5369802504;;;
358;8;25;1,166488457;24171.7034687074;;;
359;8;25;1,166488457;24172.8699571644;;;
360;8;25;1,166488457;24174.0364456214;;;
361;8;25;1,166488457;24175.2029340785;;;
362;8;25;1,166488457;24176.3694225355;;;
363;8;25;1,166488457;24177.5359109925;;;
364;8;25;1,166488457;24178.7023994495;;;
365;8;25;1,166488457;24179.8688879065;;;
366;7.26;25;0,666869094;24180.5357570005;;;
367;6.68;25;0,424672047;24180.9604290475;;;
368;7.11;25;0,594060353;24181.5544894005;;;
369;7.84;25;1,035284567;24182.5897739675;;;
370;9.95;25;4,656557685;24187.2463316525;;;
371;13.29;25;36,92548777;24224.1718194225;;;
372;15.06;25;94,86310648;24319.0349259025;;;
373;16.42;25;182,1875531;24501.2224790025;;;
374;18.6;25;454,8255391;24956.0480181025;;;
375;20.39;25;854,3164821;25810.3645002025;;;
376;21.1;25;1064,39931;26874.7638102025;;;
377;20.87;25;993,0879847;27867.8517949025;;;
378;18.1;25;374,0393706;28241.8911655025;;;
379;13.71;25;46,63872076;28288.5298862625;;;
380;12.76;25;27,266266;28315.7961522625;;;
381;11.51;25;12,84051179;28328.6366640525;;;
382;10.78;25;8,070800293;28336.7074643455;;;
383;10.51;25;6,766035958;28343.4735003035;;;
384;10.05;25;4,981742797;28348.4552431005;;;
385;9.92;25;4,562903631;28353.0181467315;;;
386;10.19;25;5,472377501;28358.4905242325;;;
387;9.95;25;4,656557685;28363.1470819175;;;
388;9.74;25;4,036640259;28367.1837221765;;;
389;10.13;25;5,256879565;28372.4406017415;;;
390;11.17;25;10,36656581;28382.8071675515;;;
391;11.5;25;12,76065457;28395.5678221215;;;
392;11.94;25;16,73742868;28412.3052508015;;;
393;11.67;25;14,18180799;28426.4870587915;;;
394;13.74;25;47,41232613;28473.8993849215;;;
395;18.18;25;386,148022;28860.0474069215;;;
396;22.37;25;1511,24901;30371.2964169215;;;
397;24.59;25;2444,746419;32816.0428359215;;;
398;24.71;25;2497,193771;35313.2366069215;;;
399;24.92;25;2588,646773;37901.8833799215;;;
400;24.04;25;2204,254859;40106.1382389215;;;
401;23.15;25;1824,004654;41930.1428929215;;;
402;21.83;25;1310,745454;43240.8883469215;;;
403;18.92;25;513,1696598;43754.0580067215;;;
404;17.67;25;313,9980108;44068.0560175215;;;
405;18.62;25;458,3161418;44526.3721593215;;;
406;19.15;25;558,4715112;45084.8436705215;;;
407;19.38;25;606,6802799;45691.5239504215;;;
408;19.61;25;657,8661427;46349.3900931215;;;
409;19.54;25;641,9689009;46991.3589940215;;;
410;19.47;25;626,3514449;47617.7104389215;;;
411;19.63;25;662,4598226;48280.1702615215;;;
412;19.81;25;704,8420463;48985.0123078215;;;
413;19.36;25;602,3709691;49587.3832769215;;;
414;19.01;25;530,5551672;50117.9384441215;;;
415;18.62;25;458,3161418;50576.2545859215;;;
416;18.36;25;414,5151182;50990.7697041215;;;
417;17.03;25;239,2040371;51229.9737412215;;;
418;16.49;25;188,0907581;51418.0644993215;;;
419;20.08;25;771,9569308;52190.0214301215;;;
420;20.91;25;1005,267305;53195.2887351215;;;
421;18.59;25;453,0879088;53648.3766439215;;;
422;18.07;25;369,5764291;54017.9530730215;;;
423;17.79;25;329,9196631;54347.8727361215;;;
424;16.96;25;231,9946449;54579.8673810215;;;
425;16.45;25;184,6982343;54764.5656153215;;;
426;14.54;25;72,69625338;54837.2618687015;;;
427;12.35;25;21,42389378;54858.6857624815;;;
428;11.38;25;11,8370965;54870.5228589815;;;
429;10.69;25;7,612175354;54878.1350343355;;;
430;10.83;25;8,336435012;54886.4714693475;;;
431;10.52;25;6,810670673;54893.2821400205;;;
432;9.51;25;3,446028247;54896.7281682675;;;
433;9.84;25;4,321619014;54901.0497872815;;;
434;9.88;25;4,440743625;54905.4905309065;;;
435;9.31;25;2,99877338;54908.4893042865;;;
436;8.61;25;1,823806476;54910.3131107625;;;
437;8.42;25;1,588953266;54911.9020640285;;;
438;8.33;25;1,487875881;54913.3899399095;;;
439;8.14;25;1,293937939;54914.6838778485;;;
440;7.89;25;1,074717501;54915.7585953495;;;
441;8.43;25;1,60057247;54917.3591678195;;;
442;10.83;25;8,336435012;54925.6956028315;;;
443;14.54;25;72,69625338;54998.3918562115;;;
444;15.86;25;140,321331;55138.7131872115;;;
445;17.3;25;268,7535503;55407.4667375115;;;
446;18.12;25;377,0381556;55784.5048931115;;;
447;18.51;25;439,3699468;56223.8748399115;;;
448;18.59;25;453,0879088;56676.9627487115;;;
449;18.16;25;383,0924127;57060.0551614115;;;
450;16.22;25;166,1698063;57226.2249677115;;;
451;12.8;25;27,90680091;57254.1317686215;;;
452;12.51;25;23,5539056;57277.6856742215;;;
453;10.97;25;9,123521755;57286.8091959765;;;
454;10.33;25;6,007328123;57292.8165240995;;;
455;10.41;25;6,334280471;57299.1508045705;;;
456;9.79;25;4,17687734;57303.3276819105;;;
457;9;25;2,410986301;57305.7386682115;;;
458;8.91;25;2,261628053;57308.0002962645;;;
459;8.45;25;1,624049827;57309.6243460915;;;
460;7.88;25;1,066719805;57310.6910658965;;;
461;6.38;25;0,334758668;57311.0258245645;;;
462;5.5;25;0,163676817;57311.1895013815;;;
463;6.51;25;0,371251152;57311.5607525335;;;
464;6.44;25;0,351157967;57311.9119105005;;;
465;6.25;25;0,301679835;57312.2135903355;;;
466;7.74;25;0,960461193;57313.1740515285;;;
467;9.45;25;3,305737013;57316.4797885415;;;
468;11.33;25;11,4706367;57327.9504252415;;;
469;14.2;25;60,78242415;57388.7328493915;;;
470;15;25;92,03740517;57480.7702545615;;;
471;15.26;25;104,8310599;57585.6013144615;;;
472;15.28;25;105,8758115;57691.4771259615;;;
473;15.32;25;107,9922479;57799.4693738615;;;
474;13.17;25;34,50408556;57833.9734594215;;;
475;10.32;25;5,967572675;57839.9410320965;;;
476;9.29;25;2,957151944;57842.8981840405;;;
477;8.79;25;2,075886952;57844.9740709925;;;
478;8.11;25;1,265574991;57846.2396459835;;;
479;8.32;25;1,477024563;57847.7166705465;;;
480;8.54;25;1,733741248;57849.4504117945;;;
481;8.16;25;1,313176508;57850.7635883025;;;
482;8.28;25;1,434356172;57852.1979444745;;;
483;7.71;25;0,939024774;57853.1369692485;;;
484;7.68;25;0,918038697;57854.0550079455;;;
485;7.44;25;0,765339315;57854.8203472605;;;
486;7.36;25;0,719994775;57855.5403420355;;;
487;8.02;25;1,183944795;57856.7242868305;;;
488;11.05;25;9,603341095;57866.3276279255;;;
489;12.78;25;27,5848619;57893.9124898255;;;
490;15.37;25;110,6889177;58004.6014075255;;;
491;18.92;25;513,1696598;58517.7710673255;;;
492;20.52;25;890,5510763;59408.3221436255;;;
493;21.01;25;1036,126454;60444.4485976255;;;
494;20.1;25;777,0988477;61221.5474453255;;;
495;20.64;25;924,8891252;62146.4365705255;;;
496;20.62;25;919,1067744;63065.5433449255;;;
497;18.49;25;435,9910246;63501.5343695255;;;
498;15.8;25;136,3639448;63637.8983143255;;;
499;13.35;25;38,19217188;63676.0904862055;;;
500;11.67;25;14,18180799;63690.2722941955;;;
501;10.95;25;9,007054361;63699.2793485565;;;
502;10.16;25;5,363628421;63704.6429769775;;;
503;10.15;25;5,327824879;63709.9708018565;;;
504;10.07;25;5,049249644;63715.0200515005;;;
505;9.55;25;3,542607082;63718.5626585825;;;
506;8.96;25;2,343504035;63720.9061626175;;;
507;8.87;25;2,198057163;63723.1042197805;;;
508;8.22;25;1,372513538;63724.4767333185;;;
509;8.16;25;1,313176508;63725.7899098265;;;
510;8.19;25;1,342537781;63727.1324476075;;;
511;8.38;25;1,54326136;63728.6757089675;;;
512;7.81;25;1,012281431;63729.6879903985;;;
513;8.4;25;1,565951318;63731.2539417165;;;
514;10.74;25;7,863918528;63739.1178602445;;;
515;13.85;25;50,34710955;63789.4649697945;;;
516;16.63;25;200,3770062;63989.8419759945;;;
517;19.6;25;655,577918;64645.4198939945;;;
518;21.2;25;1096,365113;65741.7850069945;;;
519;20.67;25;933,6071227;66675.3921296945;;;
520;19.31;25;591,695923;67267.0880526946;;;
521;18.23;25;393,8706602;67660.9587128946;;;
522;16.26;25;169,2749473;67830.2336601946;;;
523;13.06;25;32,4102692;67862.6439293946;;;
524;11.66;25;14,09437581;67876.7383052046;;;
525;10.42;25;6,376283759;67883.1145889636;;;
526;9.56;25;3,567141467;67886.6817304306;;;
527;9.22;25;2,815672234;67889.4974026646;;;
528;8.63;25;1,850331735;67891.3477343996;;;
529;7.86;25;1,050891798;67892.3986261976;;;
530;7.96;25;1,132297924;67893.5309241216;;;
531;8.1;25;1,25625097;67894.7871750916;;;
532;8.08;25;1,237795875;67896.0249709666;;;
533;8.38;25;1,54326136;67897.5682323266;;;
534;7.85;25;1,043060765;67898.6112930916;;;
535;7.67;25;0,911141889;67899.5224349806;;;
536;8.14;25;1,293937939;67900.8163729196;;;
537;8.56;25;1,759040344;67902.5754132636;;;
538;11.86;25;15,93970716;67918.5151204236;;;
539;15.39;25;111,7836864;68030.2988068236;;;
540;18.81;25;492,508229;68522.8070358236;;;
541;21.78;25;1292,93497;69815.7420058236;;;
542;23.51;25;1975,598559;71791.3405648236;;;
543;24.95;25;2601,663586;74393.0041508236;;;
544;24.84;25;2553,870658;76946.8748088236;;;
545;23.77;25;2087,131834;79034.0066428236;;;
546;20.61;25;916,2244965;79950.2311393236;;;
547;16.45;25;184,6982343;80134.9293736236;;;
548;15.59;25;123,2526914;80258.1820650236;;;
549;14.51;25;71,56848335;80329.7505483736;;;
550;14.14;25;58,86850961;80388.6190579836;;;
551;13.92;25;52,29738315;80440.9164411336;;;
552;14.25;25;62,41896356;80503.3354046936;;;
553;14.47;25;70,08862172;80573.4240264136;;;
554;14.77;25;81,87075513;80655.2947815436;;;
555;15.58;25;122,65621;80777.9509915436;;;
556;16.45;25;184,6982343;80962.6492258436;;;
557;17.34;25;273,3737627;81236.0229885436;;;
558;18.94;25;516,9955088;81753.0184973436;;;
559;18.87;25;503,69847;82256.7169673436;;;
560;19.54;25;641,9689009;82898.6858682436;;;
561;18.17;25;384,6178368;83283.3037050436;;;
562;21.13;25;1073,928276;84357.2319810436;;;
563;23.47;25;1958,577151;86315.8091320436;;;
564;24.56;25;2431,621562;88747.4306940436;;;
565;25.03;25;2636,301522;91383.7322160436;;;
566;25.1;25;2666,511743;94050.2439590436;;;
567;24.85;25;2558,222439;96608.4663980436;;;
568;24.75;25;2514,65144;99123.1178380436;;;
569;23.86;25;2126,049997;101249.167835044;;;
570;21.97;25;1361,315067;102610.482902044;;;
571;17.66;25;312,6995018;102923.182403844;;;
572;15.99;25;149,2314251;103072.413828944;;;
573;15.26;25;104,8310599;103177.244888844;;;
574;16.3;25;172,4287314;103349.673620244;;;
575;15.04;25;93,91297329;103443.586593534;;;
576;15.69;25;129,3552;103572.941793534;;;
577;15.61;25;124,4531007;103697.394894234;;;
578;14.23;25;61,75975561;103759.154649844;;;
579;14.49;25;70,82516914;103829.979818984;;;
580;13.92;25;52,29738315;103882.277202134;;;
581;12.96;25;30,60633463;103912.883536764;;;
582;14.67;25;77,76473774;103990.648274504;;;
583;14.34;25;65,4625447;104056.110819204;;;
584;13.18;25;34,70030462;104090.811123824;;;
585;14.38;25;66,85655099;104157.667674814;;;
586;15.53;25;119,7107191;104277.378393914;;;
587;19.1;25;548,3786137;104825.757007614;;;
588;20.17;25;795,2815869;105621.038594514;;;
589;20.34;25;840,6473569;106461.685951414;;;
590;21.12;25;1070,746154;107532.432105414;;;
591;18.74;25;479,6925449;108012.124650314;;;
592;16.68;25;204,9236942;108217.048344514;;;
593;16.09;25;156,4073181;108373.455662614;;;
594;15.35;25;109,60338;108483.059042614;;;
595;12.97;25;30,78258584;108513.841628454;;;
596;12.36;25;21,55173631;108535.393364764;;;
597;12.36;25;21,55173631;108556.945101074;;;
598;12.79;25;27,74541163;108584.690512704;;;
599;13.01;25;31,49672797;108616.187240674;;;
600;13.38;25;38,83993351;108655.027174184;;;
601;12.5;25;23,41538069;108678.442554874;;;
602;11.67;25;14,18180799;108692.624362864;;;
603;11.6;25;13,58001701;108706.204379874;;;
604;11.52;25;12,92082483;108719.125204704;;;
605;11.26;25;10,97500617;108730.100210874;;;
606;10.56;25;6,991935765;108737.092146639;;;
607;10.41;25;6,334280471;108743.42642711;;;
608;10.38;25;6,209796799;108749.636223909;;;
609;10.38;25;6,209796799;108755.846020708;;;
610;10.36;25;6,128065594;108761.974086302;;;
611;10.98;25;9,182272158;108771.15635846;;;
612;11.55;25;13,16452194;108784.3208804;;;
613;12.19;25;19,46954653;108803.79042693;;;
614;13.3;25;37,13396171;108840.92438864;;;
615;13.17;25;34,50408556;108875.4284742;;;
616;13.94;25;52,86673634;108928.29521054;;;
617;12.37;25;21,68026799;108949.97547853;;;
618;10.84;25;8,390516432;108958.365994962;;;
619;9.98;25;4,75198857;108963.117983532;;;
620;9.29;25;2,957151944;108966.075135476;;;
621;8.99;25;2,393947922;108968.469083398;;;
622;8.82;25;2,12093816;108970.590021558;;;
623;8.37;25;1,532032154;108972.122053712;;;
624;8.24;25;1,392844607;108973.514898319;;;
625;8.14;25;1,293937939;108974.808836258;;;
626;7.83;25;1,027562847;108975.836399105;;;
627;7.62;25;0,877382547;108976.713781652;;;
628;7.62;25;0,877382547;108977.591164199;;;
629;7.4;25;0,742341086;108978.333505285;;;
630;7.32;25;0,698283153;108979.031788438;;;
631;6.51;25;0,371251152;108979.40303959;;;
632;4.77;25;0,088620106;108979.491659696;;;
633;5.37;25;0,146930591;108979.638590287;;;
634;7.66;25;0,904293819;108980.542884106;;;
635;11.65;25;14,00743504;108994.550319146;;;
636;13.51;25;41,76150007;109036.311819216;;;
637;14.34;25;65,4625447;109101.774363916;;;
638;15.72;25;131,2355027;109233.009866616;;;
639;16.69;25;205,8432379;109438.853104516;;;
640;17.38;25;278,0582742;109716.911378716;;;
641;16.21;25;165,4010562;109882.312434916;;;
642;14.58;25;74,22410578;109956.536540696;;;
643;11.6;25;13,58001701;109970.116557706;;;
644;10.36;25;6,128065594;109976.2446233;;;
645;9.3;25;2,977895009;109979.222518309;;;
646;8.98;25;2,377021871;109981.59954018;;;
647;8.44;25;1,612271156;109983.211811336;;;
648;8.08;25;1,237795875;109984.449607211;;;
649;8.13;25;1,284418058;109985.734025269;;;
650;7.77;25;0,982356908;109986.716382177;;;
651;7.98;25;1,149273868;109987.865656045;;;
652;7.73;25;0,953265133;109988.818921178;;;
653;7.46;25;0,777088398;109989.596009576;;;
654;7.14;25;0,607993806;109990.204003382;;;
655;6.7;25;0,431414306;109990.635417688;;;
656;7.28;25;0,677189406;109991.312607094;;;
657;9.33;25;3,040939269;109994.353546363;;;
658;10.25;25;5,696012151;110000.049558514;;;
659;12.75;25;27,10821233;110027.157770844;;;
660;12.91;25;29,73858404;110056.896354884;;;
661;12.97;25;30,78258584;110087.678940724;;;
662;12.79;25;27,74541163;110115.424352354;;;
663;11.63;25;13,83501792;110129.259370274;;;
664;11.27;25;11,04458994;110140.303960214;;;
665;11.12;25;10,04204557;110150.346005784;;;
666;10.77;25;8,01861602;110158.364621804;;;
667;10.58;25;7,084224961;110165.448846765;;;
668;10.27;25;5,772412776;110171.221259541;;;
669;10.06;25;5,015391169;110176.23665071;;;
670;10.03;25;4,915071644;110181.151722354;;;
671;9.62;25;3,717691946;110184.8694143;;;
672;9.19;25;2,756988792;110187.626403092;;;
673;8.6;25;1,810677547;110189.437080639;;;
674;8.04;25;1,20164602;110190.638726659;;;
675;7.46;25;0,777088398;110191.415815057;;;
676;6.81;25;0,47034196;110191.886157017;;;
677;6.41;25;0,342865529;110192.229022546;;;
678;6.58;25;0,392428676;110192.621451222;;;
679;6.54;25;0,380191331;110193.001642553;;;
680;6.25;25;0,301679835;110193.303322388;;;
681;7.52;25;0,813362583;110194.116684971;;;
682;12.16;25;19,12161269;110213.238297661;;;
683;14.69;25;78,57126448;110291.809562141;;;
684;16.24;25;167,7163314;110459.525893541;;;
685;16.48;25;187,2377845;110646.763678041;;;
686;16.69;25;205,8432379;110852.606915941;;;
687;16.71;25;207,6926038;111060.299519741;;;
688;16.25;25;168,4941236;111228.793643341;;;
689;15.06;25;94,86310648;111323.656749821;;;
690;13.32;25;37,55406416;111361.210813981;;;
691;12.72;25;26,63898372;111387.849797701;;;
692;12.36;25;21,55173631;111409.401534011;;;
693;11.67;25;14,18180799;111423.583342001;;;
694;11.56;25;13,24668138;111436.830023381;;;
695;11.53;25;13,00159599;111449.831619371;;;
696;11.54;25;13,08282758;111462.914446951;;;
697;11.9;25;16,33414298;111479.248589931;;;
698;11.19;25;10,4990417;111489.747631631;;;
699;11.64;25;13,92098322;111503.668614851;;;
700;11.65;25;14,00743504;111517.676049891;;;
701;11.81;25;15,45884681;111533.134896701;;;
702;11.48;25;12,60229841;111545.737195111;;;
703;11.6;25;13,58001701;111559.317212121;;;
704;11.6;25;13,58001701;111572.897229131;;;
705;12.04;25;17,78551045;111590.682739581;;;
706;13.21;25;35,29496234;111625.977701921;;;
707;14.8;25;83,13881401;111709.116515931;;;
708;16.29;25;171,6356945;111880.752210431;;;
709;17.45;25;286,4126564;112167.164866831;;;
710;17.23;25;260,8211285;112427.985995331;;;
711;17.64;25;310,1154077;112738.101403031;;;
712;18.21;25;390,7672284;113128.868631431;;;
713;18.42;25;424,3226708;113553.191302231;;;
714;15.81;25;137,016837;113690.208139231;;;
715;12.35;25;21,42389378;113711.632033011;;;
716;10.85;25;8,444919982;113720.076952993;;;
717;10.39;25;6,251038388;113726.327991381;;;
718;10.2;25;5,509077521;113731.837068902;;;
719;9.77;25;4,120249185;113735.957318087;;;
720;9.52;25;3,469940968;113739.427259055;;;
721;9.18;25;2,737682088;113742.164941143;;;
722;9.35;25;3,083656113;113745.248597256;;;
723;9.05;25;2,497887142;113747.746484398;;;
724;8.11;25;1,265574991;113749.012059389;;;
725;7.99;25;1,157851139;113750.169910528;;;
726;8.33;25;1,487875881;113751.657786409;;;
727;8.42;25;1,588953266;113753.246739675;;;
728;7.78;25;0,989759116;113754.236498791;;;
729;8.4;25;1,565951318;113755.802450109;;;
730;11.66;25;14,09437581;113769.896825919;;;
731;15.67;25;128,1144775;113898.011303419;;;
732;17.38;25;278,0582742;114176.069577619;;;
733;18.9;25;509,3651946;114685.434772219;;;
734;18.95;25;518,9164694;115204.351241619;;;
735;20.21;25;805,801824;116010.153065619;;;
736;20.58;25;907,6132645;116917.766330119;;;
737;19.68;25;674,0447359;117591.811066019;;;
738;16.66;25;203,09484;117794.905906019;;;
739;12.77;25;27,42514794;117822.331053959;;;
740;11.11;25;9,978269128;117832.309323087;;;
741;10.01;25;4,849226801;117837.158549888;;;
742;9.5;25;3,42226868;117840.580818568;;;
743;9.33;25;3,040939269;117843.621757837;;;
744;8.81;25;2,105820652;117845.727578489;;;
1;11.02;32;32,67563757;32.67563757;;;
2;11.39;32;39,36354915;72.03918672;;;
3;10.74;32;28,31120622;100.35039294;;;
4;11.28;32;37,25798631;137.60837925;;;
5;10.7;32;27,73245117;165.34083042;;;
6;11.97;32;52,31599454;217.65682496;;;
7;11.2;32;35,79041668;253.44724164;;;
8;10.9;32;30,73627948;284.18352112;;;
9;11.45;32;40,55618791;324.73970903;;;
10;14.02;32;132,9497387;457.68944773;;;
11;16.52;32;355,6226181;813.31206583;;;
12;18.13;32;612,902102;1426.21416783;;;
13;19.59;32;945,1464736;2371.36064143;;;
14;19.45;32;908,9592573;3280.31989873;;;
15;20.03;32;1064,853046;4345.17294473;;;
16;18.42;32;671,0325041;5016.20544883;;;
17;16.86;32;401,2761636;5417.48161243;;;
18;14.72;32;178,1215511;5595.60316353;;;
19;12.1;32;55,6908182;5651.29398173;;;
20;11.28;32;37,25798631;5688.55196804;;;
21;10.74;32;28,31120622;5716.86317426;;;
22;10.8;32;29,19969959;5746.06287385;;;
23;9.26;32;12,81072768;5758.87360153;;;
24;9.16;32;12,116539;5770.99014053;;;
25;9.68;32;16,14037905;5787.13051958;;;
26;9.3;32;13,09842463;5800.22894421;;;
27;8.85;32;10,1772051;5810.40614931;;;
28;8.2;32;7,000687613;5817.406836923;;;
29;9.32;32;13,24447249;5830.651309413;;;
30;9.75;32;16,76625358;5847.417562993;;;
31;9.77;32;16,94908034;5864.366643333;;;
32;10.76;32;28,60463421;5892.971277543;;;
33;12.33;32;62,13429572;5955.105573263;;;
34;13.91;32;126,8246303;6081.930203563;;;
35;14.6;32;169,5695918;6251.499795363;;;
36;14.9;32;191,6252489;6443.125044263;;;
37;14.83;32;186,2756034;6629.400647663;;;
38;15.17;32;213,4740333;6842.874680963;;;
39;14.95;32;195,5244005;7038.399081463;;;
40;12.92;32;81,74597557;7120.145057033;;;
41;11.95;32;51,81316444;7171.958221473;;;
42;11.64;32;44,54796367;7216.506185143;;;
43;11.84;32;49,12327152;7265.629456663;;;
44;11.84;32;49,12327152;7314.752728183;;;
45;11.9;32;50,57474286;7365.327471043;;;
46;11.54;32;42,40551323;7407.732984273;;;
47;11.28;32;37,25798631;7444.990970583;;;
48;11.2;32;35,79041668;7480.781387263;;;
49;10.63;32;26,74517391;7507.526561173;;;
50;10.16;32;20,89566148;7528.422222653;;;
51;9.82;32;17,41409447;7545.836317123;;;
52;9.7;32;16,31699753;7562.153314653;;;
53;8.95;32;10,76929078;7572.922605433;;;
54;8.71;32;9,398306424;7582.320911857;;;
55;7.9;32;5,867809745;7588.188721602;;;
56;7.43;32;4,42840217;7592.617123772;;;
57;7.71;32;5,240540734;7597.857664506;;;
58;9.65;32;15,87870798;7613.736372486;;;
59;13.11;32;89,11757038;7702.853942866;;;
60;14.9;32;191,6252489;7894.479191766;;;
61;15.68;32;260,3682761;8154.847467866;;;
62;16.55;32;359,4778803;8514.325348166;;;
63;17.15;32;443,7238611;8958.049209266;;;
64;18.01;32;589,9551471;9548.004356366;;;
65;17.25;32;459,1373654;10007.141721766;;;
66;14.84;32;187,0321104;10194.173832166;;;
67;11.62;32;44,11193688;10238.285769046;;;
68;9.84;32;17,60332043;10255.889089476;;;
69;9.23;32;12,59875244;10268.487841916;;;
70;8.95;32;10,76929078;10279.257132696;;;
71;9.25;32;12,7397103;10291.996842996;;;
72;8.44;32;8,048461947;10300.045304943;;;
73;8.03;32;6,336171213;10306.381476156;;;
74;8.23;32;7,124413954;10313.50589011;;;
75;8.25;32;7,208013358;10320.713903468;;;
76;8.73;32;9,50612483;10330.220028298;;;
77;8.96;32;10,83020094;10341.050229238;;;
78;8.62;32;8,926865166;10349.977094404;;;
79;8.87;32;10,29318123;10360.270275634;;;
80;9.52;32;14,78879533;10375.059070964;;;
81;10.59;32;26,19532169;10401.254392654;;;
82;12.19;32;58,13840282;10459.392795474;;;
83;13.65;32;113,2982905;10572.691085974;;;
84;14.75;32;180,3151505;10753.006236474;;;
85;16.99;32;419,8954919;11172.901728374;;;
86;16.67;32;375,230273;11548.132001374;;;
87;17.03;32;425,7574304;11973.889431774;;;
88;16.87;32;402,6851504;12376.574582174;;;
89;16.03;32;297,1737091;12673.748291274;;;
90;14.09;32;136,9773759;12810.725667174;;;
91;12.66;32;72,52188055;12883.247547724;;;
92;12.43;32;65,13447639;12948.382024114;;;
93;12.28;32;60,68029059;13009.062314704;;;
94;12.55;32;68,90197328;13077.964287984;;;
95;12.68;32;73,19762375;13151.161911734;;;
96;13.4;32;101,4798295;13252.641741234;;;
97;14.18;32;142,3079118;13394.949653034;;;
98;14.55;32;166,109557;13561.059210034;;;
99;14.79;32;183,2751045;13744.334314534;;;
100;14.99;32;198,6911162;13943.025430734;;;
101;14.89;32;190,8532542;14133.878684934;;;
102;15.24;32;219,4637726;14353.342457534;;;
103;14.38;32;154,7868366;14508.129294134;;;
104;14.01;32;132,3826827;14640.511976834;;;
105;14.09;32;136,9773759;14777.489352734;;;
106;15.13;32;210,1125352;14987.601887934;;;
107;16.73;32;383,3075933;15370.909481234;;;
108;17.03;32;425,7574304;15796.666911634;;;
109;17.3;32;466,9964832;16263.663394834;;;
110;17.03;32;425,7574304;16689.420825234;;;
111;16.57;32;362,0663604;17051.487185634;;;
112;17.06;32;430,1953351;17481.682520734;;;
113;16.3;32;328,342064;17810.024584734;;;
114;15.09;32;206,7950391;18016.819623834;;;
115;13.51;32;106,5420821;18123.361705934;;;
116;11.83;32;48,8849805;18172.246686434;;;
117;11.67;32;45,20918314;18217.455869574;;;
118;10.98;32;32,01733892;18249.473208494;;;
119;10.98;32;32,01733892;18281.490547414;;;
120;10.53;32;25,3896104;18306.880157814;;;
121;9.62;32;15,62089972;18322.501057534;;;
122;9.51;32;14,70784441;18337.208901944;;;
123;8.98;32;10,95296803;18348.161869974;;;
124;8.15;32;6,798866467;18354.960736441;;;
125;7.47;32;4,536807205;18359.497543646;;;
126;6.4;32;2,340608753;18361.838152399;;;
127;6.55;32;2,572943987;18364.411096386;;;
128;6.84;32;3,084220522;18367.495316908;;;
129;8.45;32;8,095097518;18375.590414426;;;
130;11.04;32;33,00931074;18408.599725166;;;
131;14.41;32;156,736207;18565.335932166;;;
132;17.68;32;530,1214343;19095.457366466;;;
133;17.86;32;562,1684801;19657.625846566;;;
134;18.27;32;640,4893576;20298.115204166;;;
135;18.73;32;737,4284356;21035.543639766;;;
136;18.22;32;630,5353378;21666.078977566;;;
137;16.68;32;376,5671157;22042.646093266;;;
138;14.4;32;156,0841255;22198.730218766;;;
139;13.2;32;92,80628002;22291.536498786;;;
140;12.99;32;84,39763541;22375.934134196;;;
141;13.1;32;88,71567535;22464.649809546;;;
142;13.7;32;115,7988303;22580.448639846;;;
143;12.65;32;72,18605969;22652.634699536;;;
144;12.6;32;70,52728241;22723.161981946;;;
145;11.53;32;42,19639254;22765.358374486;;;
146;10.84;32;29,80585706;22795.164231546;;;
147;10.44;32;24,22285718;22819.387088726;;;
148;10.32;32;22,74242592;22842.129514646;;;
149;10.36;32;23,22656945;22865.356084096;;;
150;9.59;32;15,366904;22880.722988096;;;
151;9.69;32;16,22846992;22896.951458016;;;
152;9.53;32;14,87015165;22911.821609666;;;
153;9.05;32;11,39274736;22923.214357026;;;
154;11.06;32;33,34603128;22956.560388306;;;
155;13.12;32;89,52104444;23046.081432746;;;
156;14.39;32;155,4343374;23201.515770146;;;
157;13.38;32;100,582075;23302.097845146;;;
158;13.94;32;128,4707278;23430.568572946;;;
159;14.59;32;168,8727781;23599.441351046;;;
160;14.55;32;166,109557;23765.550908046;;;
161;13.72;32;116,8122244;23882.363132446;;;
162;11.25;32;36,701468;23919.064600446;;;
163;9;32;11,07700717;23930.141607616;;;
164;7.8;32;5,529510733;23935.671118349;;;
165;7.2;32;3,85025337;23939.521371719;;;
166;7.36;32;4,244447897;23943.765819616;;;
167;7.13;32;3,688711993;23947.454531609;;;
168;7.19;32;3,826780946;23951.281312555;;;
169;6.86;32;3,122753568;23954.404066123;;;
170;5.81;32;1,603629833;23956.007695956;;;
171;6.1;32;1,933457455;23957.941153411;;;
172;5.93;32;1,733150603;23959.674304014;;;
173;5.8;32;1,593255746;23961.26755976;;;
174;5.84;32;1,635132665;23962.902692425;;;
175;6.13;32;1,970976798;23964.873669223;;;
176;6.39;32;2,325837387;23967.19950661;;;
177;6.81;32;3,027249355;23970.226755965;;;
178;10.43;32;24,09624852;23994.323004485;;;
179;14.3;32;149,6884515;24144.011455985;;;
180;17.12;32;439,1783981;24583.189854085;;;
181;19.17;32;839,3552267;25422.545080785;;;
182;20.63;32;1242,384733;26664.929813785;;;
183;20.91;32;1330,647539;27995.577352785;;;
184;21.14;32;1405,593827;29401.171179785;;;
185;21.77;32;1621,313812;31022.484991785;;;
186;17.12;32;439,1783981;31461.663389885;;;
187;14.45;32;159,3675883;31621.030978185;;;
188;13.38;32;100,582075;31721.613053185;;;
189;13.22;32;93,64372908;31815.256782265;;;
190;13.83;32;122,5228678;31937.779650065;;;
191;14.49;32;162,0361493;32099.815799365;;;
192;19.43;32;903,8649855;33003.680784865;;;
193;21.65;32;1579,118977;34582.799761865;;;
194;21.44;32;1506,493651;36089.293412865;;;
195;20.21;32;1116,407314;37205.700726865;;;
196;19.01;32;801,2399012;38006.940628065;;;
197;18.25;32;636,494184;38643.434812065;;;
198;17.32;32;470,1687866;39113.603598665;;;
199;15.97;32;290,5818837;39404.185482365;;;
200;15.14;32;210,9487685;39615.134250865;;;
201;14.3;32;149,6884515;39764.822702365;;;
202;14.75;32;180,3151505;39945.137852865;;;
203;14.93;32;193,9568789;40139.094731765;;;
204;15.28;32;222,9483996;40362.043131365;;;
205;13.11;32;89,11757038;40451.160701745;;;
206;12.24;32;59,53873059;40510.699432335;;;
207;10;32;19,1856003;40529.885032635;;;
208;9.59;32;15,366904;40545.251936635;;;
209;9.46;32;14,30910888;40559.561045515;;;
210;9.39;32;13,76741311;40573.328458625;;;
211;9.37;32;13,61611322;40586.944571845;;;
212;8.97;32;10,8914262;40597.835998045;;;
213;8.51;32;8,380165758;40606.216163803;;;
214;8.39;32;7,818966707;40614.03513051;;;
215;8;32;6,225125755;40620.260256265;;;
216;8;32;6,225125755;40626.48538202;;;
217;8;32;6,225125755;40632.710507775;;;
218;8;32;6,225125755;40638.93563353;;;
219;8;32;6,225125755;40645.160759285;;;
220;8;32;6,225125755;40651.38588504;;;
221;8;32;6,225125755;40657.6110107949;;;
222;8;32;6,225125755;40663.83613655;;;
223;8;32;6,225125755;40670.061262305;;;
224;8;32;6,225125755;40676.28638806;;;
225;8;32;6,225125755;40682.511513815;;;
226;8;32;6,225125755;40688.73663957;;;
227;8;32;6,225125755;40694.961765325;;;
228;8;32;6,225125755;40701.18689108;;;
229;8;32;6,225125755;40707.412016835;;;
230;8;32;6,225125755;40713.63714259;;;
231;8;32;6,225125755;40719.862268345;;;
232;8;32;6,225125755;40726.0873941;;;
233;8;32;6,225125755;40732.312519855;;;
234;8;32;6,225125755;40738.53764561;;;
235;8;32;6,225125755;40744.762771365;;;
236;8;32;6,225125755;40750.98789712;;;
237;8;32;6,225125755;40757.213022875;;;
238;8;32;6,225125755;40763.43814863;;;
239;8;32;6,225125755;40769.663274385;;;
240;8;32;6,225125755;40775.88840014;;;
241;8;32;6,225125755;40782.113525895;;;
242;8;32;6,225125755;40788.33865165;;;
243;8;32;6,225125755;40794.563777405;;;
244;8;32;6,225125755;40800.78890316;;;
245;8;32;6,225125755;40807.014028915;;;
246;8;32;6,225125755;40813.23915467;;;
247;8;32;6,225125755;40819.464280425;;;
248;8;32;6,225125755;40825.68940618;;;
249;8;32;6,225125755;40831.914531935;;;
250;8;32;6,225125755;40838.13965769;;;
251;8;32;6,225125755;40844.364783445;;;
252;8;32;6,225125755;40850.5899092;;;
253;8;32;6,225125755;40856.815034955;;;
254;8;32;6,225125755;40863.04016071;;;
255;8;32;6,225125755;40869.265286465;;;
256;8;32;6,225125755;40875.49041222;;;
257;8;32;6,225125755;40881.715537975;;;
258;8;32;6,225125755;40887.94066373;;;
259;8;32;6,225125755;40894.1657894851;;;
260;8;32;6,225125755;40900.3909152401;;;
261;8;32;6,225125755;40906.6160409951;;;
262;8;32;6,225125755;40912.8411667501;;;
263;8;32;6,225125755;40919.0662925051;;;
264;8;32;6,225125755;40925.2914182601;;;
265;8;32;6,225125755;40931.5165440151;;;
266;8;32;6,225125755;40937.7416697701;;;
267;8;32;6,225125755;40943.9667955251;;;
268;8;32;6,225125755;40950.1919212801;;;
269;8;32;6,225125755;40956.4170470351;;;
270;8;32;6,225125755;40962.6421727901;;;
271;8;32;6,225125755;40968.8672985451;;;
272;8;32;6,225125755;40975.0924243001;;;
273;8;32;6,225125755;40981.3175500551;;;
274;8;32;6,225125755;40987.5426758101;;;
275;8;32;6,225125755;40993.7678015651;;;
276;8;32;6,225125755;40999.9929273201;;;
277;8;32;6,225125755;41006.2180530751;;;
278;8;32;6,225125755;41012.4431788301;;;
279;8;32;6,225125755;41018.6683045851;;;
280;8;32;6,225125755;41024.8934303401;;;
281;8;32;6,225125755;41031.1185560951;;;
282;8;32;6,225125755;41037.3436818501;;;
283;8;32;6,225125755;41043.5688076051;;;
284;8;32;6,225125755;41049.7939333601;;;
285;8;32;6,225125755;41056.019059115;;;
286;8;32;6,225125755;41062.2441848701;;;
287;8;32;6,225125755;41068.4693106251;;;
288;8;32;6,225125755;41074.6944363801;;;
289;8;32;6,225125755;41080.9195621351;;;
290;8;32;6,225125755;41087.1446878901;;;
291;8;32;6,225125755;41093.3698136451;;;
292;8;32;6,225125755;41099.5949394001;;;
293;8;32;6,225125755;41105.8200651551;;;
294;8;32;6,225125755;41112.0451909101;;;
295;8;32;6,225125755;41118.2703166651;;;
296;8;32;6,225125755;41124.4954424201;;;
297;8;32;6,225125755;41130.7205681751;;;
298;8;32;6,225125755;41136.9456939301;;;
299;8;32;6,225125755;41143.1708196851;;;
300;8;32;6,225125755;41149.3959454401;;;
301;8;32;6,225125755;41155.6210711951;;;
302;8;32;6,225125755;41161.8461969501;;;
303;8;32;6,225125755;41168.0713227051;;;
304;8;32;6,225125755;41174.2964484601;;;
305;8;32;6,225125755;41180.5215742151;;;
306;8;32;6,225125755;41186.7466999701;;;
307;8;32;6,225125755;41192.9718257251;;;
308;8;32;6,225125755;41199.1969514801;;;
309;8;32;6,225125755;41205.4220772351;;;
310;8;32;6,225125755;41211.6472029901;;;
311;8;32;6,225125755;41217.8723287451;;;
312;8;32;6,225125755;41224.0974545001;;;
313;8;32;6,225125755;41230.3225802551;;;
314;8;32;6,225125755;41236.5477060101;;;
315;8;32;6,225125755;41242.7728317651;;;
316;8;32;6,225125755;41248.9979575201;;;
317;8;32;6,225125755;41255.2230832751;;;
318;8;32;6,225125755;41261.4482090301;;;
319;8;32;6,225125755;41267.6733347851;;;
320;8;32;6,225125755;41273.8984605401;;;
321;8;32;6,225125755;41280.1235862951;;;
322;8;32;6,225125755;41286.3487120501;;;
323;8;32;6,225125755;41292.5738378051;;;
324;8;32;6,225125755;41298.7989635601;;;
325;8;32;6,225125755;41305.0240893151;;;
326;8;32;6,225125755;41311.2492150702;;;
327;8;32;6,225125755;41317.4743408252;;;
328;8;32;6,225125755;41323.6994665802;;;
329;8;32;6,225125755;41329.9245923352;;;
330;8;32;6,225125755;41336.1497180902;;;
331;8;32;6,225125755;41342.3748438452;;;
332;8;32;6,225125755;41348.5999696002;;;
333;8;32;6,225125755;41354.8250953552;;;
334;8;32;6,225125755;41361.0502211102;;;
335;8;32;6,225125755;41367.2753468652;;;
336;8;32;6,225125755;41373.5004726202;;;
337;8;32;6,225125755;41379.7255983752;;;
338;8;32;6,225125755;41385.9507241302;;;
339;8;32;6,225125755;41392.1758498852;;;
340;8;32;6,225125755;41398.4009756402;;;
341;8;32;6,225125755;41404.6261013952;;;
342;8;32;6,225125755;41410.8512271502;;;
343;8;32;6,225125755;41417.0763529052;;;
344;8;32;6,225125755;41423.3014786602;;;
345;8;32;6,225125755;41429.5266044152;;;
346;8;32;6,225125755;41435.7517301702;;;
347;8;32;6,225125755;41441.9768559252;;;
348;8;32;6,225125755;41448.2019816802;;;
349;8;32;6,225125755;41454.4271074351;;;
350;8;32;6,225125755;41460.6522331902;;;
351;8;32;6,225125755;41466.8773589452;;;
352;8;32;6,225125755;41473.1024847002;;;
353;8;32;6,225125755;41479.3276104552;;;
354;8;32;6,225125755;41485.5527362102;;;
355;8;32;6,225125755;41491.7778619652;;;
356;8;32;6,225125755;41498.0029877202;;;
357;8;32;6,225125755;41504.2281134752;;;
358;8;32;6,225125755;41510.4532392302;;;
359;8;32;6,225125755;41516.6783649852;;;
360;8;32;6,225125755;41522.9034907402;;;
361;8;32;6,225125755;41529.1286164952;;;
362;8;32;6,225125755;41535.3537422502;;;
363;8;32;6,225125755;41541.5788680052;;;
364;8;32;6,225125755;41547.8039937602;;;
365;8;32;6,225125755;41554.0291195152;;;
366;7.26;32;3,993916079;41558.0230355942;;;
367;6.68;32;2,79150435;41560.8145399442;;;
368;7.11;32;3,643726342;41564.4582662862;;;
369;7.84;32;5,662608004;41570.1208742902;;;
370;9.95;32;18,67781746;41588.7986917502;;;
371;13.29;32;96,62654462;41685.4252363702;;;
372;15.06;32;204,3355464;41889.7607827702;;;
373;16.42;32;343,0076939;42232.7684766702;;;
374;18.6;32;709,0443502;42941.8128268702;;;
375;20.39;32;1169,434486;44111.2473128702;;;
376;21.1;32;1392,405747;45503.6530598702;;;
377;20.87;32;1317,835386;46821.4884458702;;;
378;18.1;32;607,105134;47428.5935798702;;;
379;13.71;32;116,3045806;47544.8981604702;;;
380;12.76;32;75,95594979;47620.8541102602;;;
381;11.51;32;41,78090158;47662.6350118402;;;
382;10.78;32;28,90079139;47691.5358032302;;;
383;10.51;32;25,12604268;47716.6618459102;;;
384;10.05;32;19,70585826;47736.3677041702;;;
385;9.92;32;18,3790264;47754.7467305702;;;
386;10.19;32;21,23123978;47775.9779703502;;;
387;9.95;32;18,67781746;47794.6557878102;;;
388;9.74;32;16,67551356;47811.3313013702;;;
389;10.13;32;20,56488775;47831.8961891202;;;
390;11.17;32;35,25353568;47867.1497248002;;;
391;11.5;32;41,57452451;47908.7242493102;;;
392;11.94;32;51,56335589;47960.2876052002;;;
393;11.67;32;45,20918314;48005.4967883402;;;
394;13.74;32;117,8332148;48123.3300031402;;;
395;18.18;32;622,6533707;48745.9833738402;;;
396;22.37;32;1839,062205;50585.0455788401;;;
397;24.59;32;2694,044648;53279.0902268402;;;
398;24.71;32;2739,81807;56018.9082968402;;;
399;24.92;32;2819,163216;58838.0715128402;;;
400;24.04;32;2481,470803;61319.5423158402;;;
401;23.15;32;2135,188025;63454.7303408402;;;
402;21.83;32;1642,592751;65097.3230918402;;;
403;18.92;32;780,3288008;65877.6518926402;;;
404;17.67;32;528,3820497;66406.0339423402;;;
405;18.62;32;713,3601248;67119.3940671402;;;
406;19.15;32;834,5249112;67953.9189783402;;;
407;19.38;32;891,2117722;68845.1307505402;;;
408;19.61;32;950,3913268;69795.5220773402;;;
409;19.54;32;932,1165969;70727.6386742402;;;
410;19.47;32;914,0723728;71641.7110470402;;;
411;19.63;32;955,6549679;72597.3660149402;;;
412;19.81;32;1003,871338;73601.2373529402;;;
413;19.36;32;886,1834811;74487.4208340402;;;
414;19.01;32;801,2399012;75288.6607352402;;;
415;18.62;32;713,3601248;76002.0208600402;;;
416;18.36;32;658,6922433;76660.7131033402;;;
417;17.03;32;425,7574304;77086.4705337402;;;
418;16.49;32;351,8001565;77438.2706902402;;;
419;20.08;32;1079,024689;78517.2953792402;;;
420;20.91;32;1330,647539;79847.9429182402;;;
421;18.59;32;706,8934023;80554.8363205402;;;
422;18.07;32;601,3483879;81156.1847084402;;;
423;17.79;32;549,5388527;81705.7235611402;;;
424;16.96;32;415,540288;82121.2638491402;;;
425;16.45;32;346,7542742;82468.0181233402;;;
426;14.54;32;165,4247293;82633.4428526402;;;
427;12.35;32;62,72442176;82696.1672744002;;;
428;11.38;32;39,16784405;82735.3351184502;;;
429;10.69;32;27,58943441;82762.9245528602;;;
430;10.83;32;29,65326815;82792.5778210102;;;
431;10.52;32;25,25751683;82817.8353378402;;;
432;9.51;32;14,70784441;82832.5431822502;;;
433;9.84;32;17,60332043;82850.1465026802;;;
434;9.88;32;17,98738064;82868.1338833202;;;
435;9.31;32;13,17126391;82881.3051472302;;;
436;8.61;32;8,875845043;82890.1809922732;;;
437;8.42;32;7,955930837;82898.1369231102;;;
438;8.33;32;7,551521203;82905.6884443132;;;
439;8.14;32;6,759151138;82912.4475954512;;;
440;7.89;32;5,833139554;82918.2807350052;;;
441;8.43;32;8,002073445;82926.2828084502;;;
442;10.83;32;29,65326815;82955.9360766002;;;
443;14.54;32;165,4247293;83121.3608059002;;;
444;15.86;32;278,8039239;83400.1647298002;;;
445;17.3;32;466,9964832;83867.1612130002;;;
446;18.12;32;610,965304;84478.1265170002;;;
447;18.51;32;689,8520363;85167.9785533002;;;
448;18.59;32;706,8934023;85874.8719556002;;;
449;18.16;32;618,7393928;86493.6113484002;;;
450;16.22;32;318,8461627;86812.4575111002;;;
451;12.8;32;77,36883824;86889.8263493402;;;
452;12.51;32;67,62545022;86957.4517995602;;;
453;10.97;32;31,8546321;86989.3064316602;;;
454;10.33;32;22,86259995;87012.1690316102;;;
455;10.41;32;23,84481995;87036.0138515602;;;
456;9.79;32;17,13371576;87053.1475673202;;;
457;9;32;11,07700717;87064.2245744902;;;
458;8.91;32;10,52877242;87074.7533469102;;;
459;8.45;32;8,095097518;87082.8484444282;;;
460;7.88;32;5,798658563;87088.6471029912;;;
461;6.38;32;2,311153003;87090.9582559942;;;
462;5.5;32;1,309729004;87092.2679849982;;;
463;6.51;32;2,508971435;87094.7769564332;;;
464;6.44;32;2,400573533;87097.1775299662;;;
465;6.25;32;2,127960625;87099.3054905912;;;
466;7.74;32;5,335275519;87104.6407661102;;;
467;9.45;32;14,23055323;87118.8713193402;;;
468;11.33;32;38,20227043;87157.0735897702;;;
469;14.2;32;143,516106;87300.5896957702;;;
470;15;32;199,4894306;87500.0791263702;;;
471;15.26;32;221,2004184;87721.2795447702;;;
472;15.28;32;222,9483996;87944.2279443702;;;
473;15.32;32;226,478575;88170.7065193702;;;
474;13.17;32;91,56227437;88262.2687937402;;;
475;10.32;32;22,74242592;88285.0112196602;;;
476;9.29;32;13,02595301;88298.0371726702;;;
477;8.79;32;9,836421226;88307.8735938962;;;
478;8.11;32;6,641284166;88314.5148780622;;;
479;8.32;32;7,507773995;88322.0226520572;;;
480;8.54;32;8,526131905;88330.5487839622;;;
481;8.16;32;6,838796696;88337.3875806582;;;
482;8.28;32;7,335106901;88344.7226875592;;;
483;7.71;32;5,240540734;88349.9632282932;;;
484;7.68;32;5,147363056;88355.1105913492;;;
485;7.44;32;4,455276174;88359.5658675232;;;
486;7.36;32;4,244447897;88363.8103154202;;;
487;8.02;32;6,298954693;88370.1092701132;;;
488;11.05;32;33,17728861;88403.2865587232;;;
489;12.78;32;76,6595528;88479.9461115232;;;
490;15.37;32;230,9559773;88710.9020888232;;;
491;18.92;32;780,3288008;89491.2308896232;;;
492;20.52;32;1208,634029;90699.8649186232;;;
493;21.01;32;1362,968005;92062.8329236232;;;
494;20.1;32;1084,725522;93147.5584456232;;;
495;20.64;32;1245,479153;94393.0375986232;;;
496;20.62;32;1239,294655;95632.3322536232;;;
497;18.49;32;685,6377718;96317.9700254232;;;
498;15.8;32;272,5445324;96590.5145578232;;;
499;13.35;32;99,24830372;96689.7628615432;;;
500;11.67;32;45,20918314;96734.9720446832;;;
501;10.95;32;31,5314395;96766.5034841832;;;
502;10.16;32;20,89566148;96787.3991456632;;;
503;10.15;32;20,78487271;96808.1840183732;;;
504;10.07;32;19,91751416;96828.1015325332;;;
505;9.55;32;15,03408771;96843.1356202432;;;
506;8.96;32;10,83020094;96853.9658211832;;;
507;8.87;32;10,29318123;96864.2590024132;;;
508;8.22;32;7,082949882;96871.3419522952;;;
509;8.16;32;6,838796696;96878.1807489912;;;
510;8.19;32;6,959887274;96885.1406362652;;;
511;8.38;32;7,773796029;96892.9144322942;;;
512;7.81;32;5,562511372;96898.4769436662;;;
513;8.4;32;7,86437863;96906.3413222962;;;
514;10.74;32;28,31120622;96934.6525285162;;;
515;13.85;32;123,5864334;97058.2389619162;;;
516;16.63;32;369,920209;97428.1591709162;;;
517;19.6;32;947,7665511;98375.9257220162;;;
518;21.2;32;1425,495096;99801.4208180162;;;
519;20.67;32;1254,788417;101056.209235016;;;
520;19.31;32;873,6952555;101929.904490516;;;
521;18.23;32;632,5171025;102562.421593016;;;
522;16.26;32;323,5662654;102885.987858416;;;
523;13.06;32;87,12378655;102973.111644966;;;
524;11.66;32;44,98781472;103018.099459686;;;
525;10.42;32;23,97023692;103042.069696606;;;
526;9.56;32;15,11667105;103057.186367656;;;
527;9.22;32;12,52880873;103069.715176386;;;
528;8.63;32;8,978154332;103078.693330718;;;
529;7.86;32;5,730260455;103084.423591173;;;
530;7.96;32;6,079856833;103090.503448006;;;
531;8.1;32;6,602418071;103097.105866077;;;
532;8.08;32;6,525314069;103103.631180146;;;
533;8.38;32;7,773796029;103111.404976175;;;
534;7.85;32;5,696341483;103117.101317658;;;
535;7.67;32;5,116645835;103122.217963493;;;
536;8.14;32;6,759151138;103128.977114631;;;
537;8.56;32;8,624736032;103137.601850663;;;
538;11.86;32;49,60294225;103187.204792913;;;
539;15.39;32;232,767228;103419.972020913;;;
540;18.81;32;755,2862215;104175.258242413;;;
541;21.78;32;1624,852025;105800.110267413;;;
542;23.51;32;2274,871773;108074.982040413;;;
543;24.95;32;2830,409262;110905.391302413;;;
544;24.84;32;2789,060501;113694.451803413;;;
545;23.77;32;2376,22911;116070.680913413;;;
546;20.61;32;1236,208927;117306.889840413;;;
547;16.45;32;346,7542742;117653.644114613;;;
548;15.59;32;251,5302637;117905.174378313;;;
549;14.51;32;163,3844941;118068.558872413;;;
550;14.14;32;139,9174198;118208.476292213;;;
551;13.92;32;127,3713163;118335.847608513;;;
552;14.25;32;146,574736;118482.422344513;;;
553;14.47;32;160,697197;118643.119541513;;;
554;14.77;32;181,7900845;118824.909626013;;;
555;15.58;32;250,5635888;119075.473214813;;;
556;16.45;32;346,7542742;119422.227489013;;;
557;17.34;32;473,3575292;119895.585018213;;;
558;18.94;32;784,9428693;120680.527887513;;;
559;18.87;32;768,8756262;121449.403513713;;;
560;19.54;32;932,1165969;122381.520110613;;;
561;18.17;32;620,6941343;123002.214244913;;;
562;21.13;32;1402,290819;124404.505063913;;;
563;23.47;32;2259,300884;126663.805947913;;;
564;24.56;32;2682,558377;129346.364324913;;;
565;25.03;32;2860,278844;132206.643168913;;;
566;25.1;32;2886,264194;135092.907362913;;;
567;24.85;32;2792,832073;137885.739435913;;;
568;24.75;32;2755,010106;140640.749541913;;;
569;23.86;32;2411,331248;143052.080789913;;;
570;21.97;32;1692,696315;144744.777104913;;;
571;17.66;32;526,6469509;145271.424055813;;;
572;15.99;32;292,7659108;145564.189966613;;;
573;15.26;32;221,2004184;145785.390385013;;;
574;16.3;32;328,342064;146113.732449013;;;
575;15.04;32;202,7094216;146316.441870613;;;
576;15.69;32;261,3657232;146577.807593813;;;
577;15.61;32;253,4727638;146831.280357613;;;
578;14.23;32;145,3447154;146976.625073013;;;
579;14.49;32;162,0361493;147138.661222313;;;
580;13.92;32;127,3713163;147266.032538613;;;
581;12.96;32;83,25218514;147349.284723753;;;
582;14.67;32;174,5152733;147523.799997053;;;
583;14.34;32;152,2195863;147676.019583353;;;
584;13.18;32;91,97532725;147767.994910603;;;
585;14.38;32;154,7868366;147922.781747203;;;
586;15.53;32;245,775706;148168.557453203;;;
587;19.1;32;822,5315364;148991.088989603;;;
588;20.17;32;1104,822741;150095.911730603;;;
589;20.34;32;1154,558316;151250.470046603;;;
590;21.12;32;1398,991798;152649.461844603;;;
591;18.74;32;739,644348;153389.106192603;;;
592;16.68;32;376,5671157;153765.673308303;;;
593;16.09;32;303,885542;154069.558850303;;;
594;15.35;32;229,1563466;154298.715196903;;;
595;12.97;32;83,63248976;154382.347686663;;;
596;12.36;32;63,02132812;154445.369014783;;;
597;12.36;32;63,02132812;154508.390342903;;;
598;12.79;32;77,0134829;154585.403825803;;;
599;13.01;32;85,16886184;154670.572687643;;;
600;13.38;32;100,582075;154771.154762643;;;
601;12.5;32;67,30957781;154838.464340453;;;
602;11.67;32;45,20918314;154883.673523593;;;
603;11.6;32;43,67970627;154927.353229863;;;
604;11.52;32;41,98818979;154969.341419653;;;
605;11.26;32;36,88614384;155006.227563493;;;
606;10.56;32;25,78963294;155032.017196433;;;
607;10.41;32;23,84481995;155055.862016383;;;
608;10.38;32;23,47211245;155079.334128833;;;
609;10.38;32;23,47211245;155102.806241283;;;
610;10.36;32;23,22656945;155126.032810733;;;
611;10.98;32;32,01733892;155158.050149653;;;
612;11.55;32;42,61555529;155200.665704943;;;
613;12.19;32;58,13840282;155258.804107763;;;
614;13.3;32;97,05929973;155355.863407493;;;
615;13.17;32;91,56227437;155447.425681863;;;
616;13.94;32;128,4707278;155575.896409663;;;
617;12.37;32;63,31946899;155639.215878653;;;
618;10.84;32;29,80585706;155669.021735713;;;
619;9.98;32;18,98100495;155688.002740663;;;
620;9.29;32;13,02595301;155701.028693673;;;
621;8.99;32;11,01482786;155712.043521533;;;
622;8.82;32;10,00548389;155722.049005423;;;
623;8.37;32;7,728865445;155729.777870868;;;
624;8.24;32;7,166101419;155736.943972287;;;
625;8.14;32;6,759151138;155743.703123425;;;
626;7.83;32;5,6290591;155749.332182525;;;
627;7.62;32;4,965586524;155754.297769049;;;
628;7.62;32;4,965586524;155759.263355573;;;
629;7.4;32;4,348678444;155763.612034017;;;
630;7.32;32;4,142536691;155767.754570708;;;
631;6.51;32;2,508971435;155770.263542143;;;
632;4.77;32;0,804800589;155771.068342732;;;
633;5.37;32;1,202196371;155772.270539103;;;
634;7.66;32;5,086098194;155777.356637297;;;
635;11.65;32;44,7674094;155822.124046697;;;
636;13.51;32;106,5420821;155928.666128797;;;
637;14.34;32;152,2195863;156080.885715097;;;
638;15.72;32;264,3767689;156345.262483997;;;
639;16.69;32;377,9077013;156723.170185297;;;
640;17.38;32;479,7845012;157202.954686497;;;
641;16.21;32;317,6747917;157520.629478197;;;
642;14.58;32;168,178374;157688.807852197;;;
643;11.6;32;43,67970627;157732.487558467;;;
644;10.36;32;23,22656945;157755.714127917;;;
645;9.3;32;13,09842463;157768.812552547;;;
646;8.98;32;10,95296803;157779.765520577;;;
647;8.44;32;8,048461947;157787.813982524;;;
648;8.08;32;6,525314069;157794.339296593;;;
649;8.13;32;6,719649669;157801.058946262;;;
650;7.77;32;5,431590914;157806.490537176;;;
651;7.98;32;6,152095737;157812.642632913;;;
652;7.73;32;5,303522801;157817.946155714;;;
653;7.46;32;4,509477921;157822.455633635;;;
654;7.14;32;3,71139764;157826.167031275;;;
655;6.7;32;2,826624429;157828.993655704;;;
656;7.28;32;4,042897833;157833.036553537;;;
657;9.33;32;13,31805204;157846.354605577;;;
658;10.25;32;21,91705362;157868.271659197;;;
659;12.75;32;75,60626762;157943.877926817;;;
660;12.91;32;81,37315144;158025.251078257;;;
661;12.97;32;83,63248976;158108.883568017;;;
662;12.79;32;77,0134829;158185.897050917;;;
663;11.63;32;44,329474;158230.226524917;;;
664;11.27;32;37,07164889;158267.298173807;;;
665;11.12;32;34,37471559;158301.672889397;;;
666;10.77;32;28,75237029;158330.425259687;;;
667;10.58;32;26,05945827;158356.484717957;;;
668;10.27;32;22,15006804;158378.634785997;;;
669;10.06;32;19,81143029;158398.446216287;;;
670;10.03;32;19,49624107;158417.942457357;;;
671;9.62;32;15,62089972;158433.563357077;;;
672;9.19;32;12,32109926;158445.884456337;;;
673;8.6;32;8,8250927;158454.709549037;;;
674;8.04;32;6,37359042;158461.083139457;;;
675;7.46;32;4,509477921;158465.592617378;;;
676;6.81;32;3,027249355;158468.619866733;;;
677;6.41;32;2,355467575;158470.975334308;;;
678;6.58;32;2,621917277;158473.597251585;;;
679;6.54;32;2,556809882;158476.154061467;;;
680;6.25;32;2,127960625;158478.282022092;;;
681;7.52;32;4,675768892;158482.957790984;;;
682;12.16;32;57,31220881;158540.269999794;;;
683;14.69;32;175,9503636;158716.220363394;;;
684;16.24;32;321,1992775;159037.419640894;;;
685;16.48;32;350,5332627;159387.952903594;;;
686;16.69;32;377,9077013;159765.860604894;;;
687;16.71;32;380,6001252;160146.460730094;;;
688;16.25;32;322,3810342;160468.841764294;;;
689;15.06;32;204,3355464;160673.177310694;;;
690;13.32;32;97,92984018;160771.107150874;;;
691;12.72;32;74,56564308;160845.672793954;;;
692;12.36;32;63,02132812;160908.694122074;;;
693;11.67;32;45,20918314;160953.903305214;;;
694;11.56;32;42,82652213;160996.729827344;;;
695;11.53;32;42,19639254;161038.926219884;;;
696;11.54;32;42,40551323;161081.331733114;;;
697;11.9;32;50,57474286;161131.906475974;;;
698;11.19;32;35,61065008;161167.517126054;;;
699;11.64;32;44,54796367;161212.065089724;;;
700;11.65;32;44,7674094;161256.832499124;;;
701;11.81;32;48,41146865;161305.243967774;;;
702;11.48;32;41,16449023;161346.408458004;;;
703;11.6;32;43,67970627;161390.088164274;;;
704;11.6;32;43,67970627;161433.767870544;;;
705;12.04;32;54,11003983;161487.877910374;;;
706;13.21;32;93,22418999;161581.102100364;;;
707;14.8;32;184,0214124;161765.123512764;;;
708;16.29;32;327,1428706;162092.266383364;;;
709;17.45;32;491,1913457;162583.457729064;;;
710;17.23;32;456,0222615;163039.479990564;;;
711;17.64;32;523,1895914;163562.669581964;;;
712;18.21;32;628,5580857;164191.227667664;;;
713;18.42;32;671,0325041;164862.260171764;;;
714;15.81;32;273,579765;165135.839936764;;;
715;12.35;32;62,72442176;165198.564358524;;;
716;10.85;32;29,95915029;165228.523508814;;;
717;10.39;32;23,59576013;165252.119268944;;;
718;10.2;32;21,34417737;165273.463446314;;;
719;9.77;32;16,94908034;165290.412526654;;;
720;9.52;32;14,78879533;165305.201321984;;;
721;9.18;32;12,2525647;165317.453886684;;;
722;9.35;32;13,46633069;165330.920217374;;;
723;9.05;32;11,39274736;165342.312964734;;;
724;8.11;32;6,641284166;165348.9542489;;;
725;7.99;32;6,188511371;165355.142760271;;;
726;8.33;32;7,551521203;165362.694281474;;;
727;8.42;32;7,955930837;165370.650212311;;;
728;7.78;32;5,4640514;165376.114263711;;;
729;8.4;32;7,86437863;165383.978642341;;;
730;11.66;32;44,98781472;165428.966457061;;;
731;15.67;32;259,3739354;165688.340392461;;;
732;17.38;32;479,7845012;166168.124893661;;;
733;18.9;32;775,7334802;166943.858373861;;;
734;18.95;32;787,2569374;167731.115311261;;;
735;20.21;32;1116,407314;168847.522625261;;;
736;20.58;32;1226,977895;170074.500520261;;;
737;19.68;32;968,8962011;171043.396721361;;;
738;16.66;32;373,8971671;171417.293888461;;;
739;12.77;32;76,30704331;171493.600931771;;; 
740;11.11;32;34,20132125;171527.802253021;;;
741;10.01;32;19,2886454;171547.090898421;;;
742;9.5;32;14,62729713;171561.718195551;;;
743;9.33;32;13,31805204;171575.036247591;;;
744;8.81;32;9,948836103;171584.985083694;;;
